ID,assessment-result,reflection-length,item-1,item-2,item-3,item-4,item-5,item-6,item-7,item-8,item-9,item-10,item-11,item-12,item-13
1,4,80,1,2,2,2,2,2,2,2,2,2,2,2,2
2,3,0,1,2,1,2,2,2,2,2,2,2,2,1,1
3,3,23,2,2,2,2,2,2,2,2,2,1,1,1,1
4,2,75,1,2,0,1,1,1,1,1,1,1,0,1,0
5,2,84,2,1,1,1,2,1,1,2,2,1,0,1,1
6,4,81,1,2,2,1,1,2,2,1,2,1,2,2,1
7,3,62,2,2,2,2,2,2,2,2,1,1,1,2,2
8,2,82,1,2,1,2,2,2,2,1,2,1,1,1,1
9,2,79,2,2,1,2,1,1,1,1,1,1,1,1,0
10,4,68,1,2,2,2,2,2,2,2,2,2,2,2,1
11,2,63,1,2,1,1,1,1,1,0,1,1,0,1,1
12,2,0,2,1,1,1,1,1,1,1,1,2,1,1,1
13,3,27,1,2,1,1,1,1,2,1,1,2,2,1,1
14,3,131,1,2,2,2,1,2,1,2,2,2,1,2,1
15,3,71,1,2,2,2,1,1,2,2,2,1,2,2,2
16,3,75,2,2,2,2,2,2,2,2,2,2,1,1,0
17,4,155,2,2,2,2,2,2,2,2,2,2,2,2,2
18,4,156,1,1,1,1,2,2,2,1,2,2,2,2,2
19,1,8,1,2,1,1,1,1,2,1,2,1,1,1,1
20,3,0,1,2,2,2,2,2,1,1,2,2,2,2,1
21,2,56,1,1,2,1,1,1,1,1,1,1,1,1,1
22,3,54,2,2,2,2,2,2,2,2,2,2,2,2,2
23,3,0,2,2,1,2,1,1,1,1,1,1,1,1,1
24,2,0,2,1,1,1,2,1,2,2,1,2,1,2,2
25,2,17,1,1,1,1,1,1,1,1,2,1,1,1,1
26,3,83,1,2,1,2,1,1,2,1,1,1,2,1,1
27,3,98,2,2,1,2,2,2,1,1,1,1,1,1,1
28,2,0,2,2,1,2,1,1,2,1,1,2,2,1,1
29,2,107,2,2,2,2,1,1,2,1,2,1,1,1,1
30,4,103,2,2,2,1,1,1,1,1,2,2,1,1,2
31,1,0,0,0,1,1,1,0,1,1,0,1,1,1,1
32,2,53,2,2,1,2,2,2,2,1,2,1,2,2,2
33,1,86,1,2,1,2,1,0,2,0,2,1,2,2,1
34,3,51,1,1,2,2,1,1,2,0,1,2,1,2,1
35,4,39,1,1,1,2,2,2,2,2,2,2,1,2,2
36,2,66,2,0,0,1,1,1,1,1,1,1,1,1,0
37,4,32,2,2,2,2,2,2,2,2,2,1,2,2,2
38,2,74,1,1,1,2,1,2,1,1,1,1,1,1,1
39,1,6,1,1,0,1,0,1,1,0,1,1,1,1,1
40,3,98,2,2,2,2,2,2,2,1,2,2,1,2,1
41,2,45,1,1,1,1,1,1,1,0,2,1,1,1,1
42,2,44,1,2,1,1,1,1,1,2,1,1,0,0,2
43,2,69,2,2,1,1,1,1,1,1,1,1,2,1,2
44,3,60,2,2,2,2,1,1,1,2,2,2,1,1,1
45,2,0,1,2,2,2,2,2,2,2,2,1,1,2,1
46,3,148,1,2,2,2,2,2,2,2,2,2,2,2,1
47,3,0,1,2,1,2,2,1,1,1,1,1,1,2,1
48,3,21,2,2,2,2,1,2,2,2,2,1,2,1,1
49,2,158,1,1,1,1,2,1,0,1,1,2,1,2,1
50,3,88,1,2,1,2,2,2,2,2,2,2,1,1,2
51,2,5,2,1,1,2,2,2,2,2,2,2,2,2,2
52,3,88,2,1,2,1,1,1,1,1,1,1,2,1,1
53,3,67,1,1,1,1,1,2,1,1,1,0,1,1,0
54,4,38,2,2,2,2,2,2,2,2,1,2,1,1,2
55,3,0,2,2,1,2,1,2,2,2,2,2,1,2,2
56,4,75,1,2,2,2,2,2,2,1,1,1,1,1,1
57,2,76,2,2,2,2,2,2,2,2,2,2,2,2,2
58,4,53,2,2,2,2,2,2,2,2,2,2,2,2,2
59,3,57,2,2,2,2,2,2,1,1,2,2,1,1,2
60,4,46,2,2,2,2,2,2,2,2,2,2,2,2,1
61,4,56,1,1,1,2,2,1,2,0,1,1,2,2,1
62,2,57,1,1,1,1,1,1,1,2,1,1,1,1,1
63,2,106,1,2,1,2,1,1,1,1,1,1,1,1,0
64,3,1,2,1,1,1,2,2,2,1,1,2,2,2,2
65,3,75,2,2,2,2,1,2,2,2,2,1,1,2,1
66,3,0,2,2,1,1,2,2,1,1,1,1,1,1,2
67,4,54,1,2,2,2,1,1,1,2,2,2,1,1,1
68,4,71,1,1,1,1,2,2,2,1,2,2,1,1,2
69,3,29,1,2,1,2,1,2,2,2,2,2,2,2,2
70,3,0,0,2,1,1,1,2,2,2,2,2,2,2,2
71,2,97,1,1,2,1,1,1,1,1,1,1,1,1,1
72,3,50,2,2,1,2,2,2,2,2,2,2,1,2,1
73,3,112,2,1,1,2,1,1,1,1,1,1,1,1,1
74,3,0,1,2,2,2,2,2,2,2,2,2,2,2,2
75,2,48,2,2,1,1,1,1,1,1,1,1,1,1,1
76,3,82,1,2,1,2,2,1,1,2,2,2,1,1,1
77,2,103,2,2,2,2,2,2,2,2,2,2,1,2,2
78,4,32,2,2,2,2,2,2,2,2,2,1,2,1,2
79,2,108,1,1,0,1,1,2,2,1,1,1,2,1,1
80,3,69,0,2,1,2,2,1,2,1,2,2,1,2,2
81,3,0,1,1,1,2,1,2,2,2,1,1,1,1,2
82,2,8,1,1,1,2,2,2,1,1,2,2,0,0,1
83,2,6,2,1,0,2,1,1,1,1,1,1,2,2,2
84,3,65,1,2,2,2,1,2,2,2,2,2,2,2,1
85,2,121,0,2,1,1,1,1,1,1,2,1,1,1,1
86,2,70,1,2,1,2,0,1,1,0,1,1,1,1,1
87,3,0,2,2,2,2,2,1,1,1,2,1,2,2,1
88,4,64,2,2,2,2,2,2,1,1,2,2,1,1,2
89,3,128,1,2,2,2,2,1,2,2,2,2,2,2,2
90,3,126,1,1,1,1,2,1,1,1,1,1,1,1,1
91,3,0,1,2,2,1,1,2,2,1,1,1,2,1,1
92,2,67,2,2,1,2,2,2,2,2,1,2,2,2,2
93,4,68,2,1,2,2,2,1,1,1,1,1,1,0,1
94,3,37,1,1,1,1,2,2,2,0,1,1,1,1,1
95,3,43,2,2,2,2,2,2,1,1,1,1,1,1,1
96,2,120,1,2,1,0,1,1,1,2,1,1,1,2,1
97,3,127,1,1,2,2,0,1,2,2,2,1,1,1,1
98,3,94,2,1,2,1,2,1,2,2,2,1,1,2,1
99,2,20,1,1,1,1,1,1,2,1,2,1,2,0,2
100,2,8,1,1,1,1,2,1,1,1,1,1,2,1,1
101,2,35,2,2,1,2,1,1,2,1,1,2,2,2,1
102,3,71,1,1,2,2,2,2,2,2,2,2,1,2,1
103,2,70,1,1,1,1,0,1,0,1,1,1,2,1,1
104,4,83,2,2,2,1,2,2,2,2,2,2,2,1,1
105,3,59,2,2,2,2,1,1,2,2,2,2,1,2,2
106,2,60,2,2,1,1,2,2,2,2,2,1,2,1,1
107,3,73,2,2,1,2,1,2,2,2,1,1,2,1,1
108,2,113,2,1,0,1,2,1,1,1,1,1,1,1,0
109,3,77,1,2,1,2,1,2,2,2,2,2,2,2,1
110,2,0,1,1,2,1,1,2,1,1,1,1,1,1,1
111,2,81,2,1,1,1,1,1,1,1,1,1,0,0,0
112,3,97,2,2,1,2,1,1,2,1,2,2,2,1,2
113,3,58,2,1,1,1,1,1,1,2,1,2,2,1,1
114,4,42,2,2,2,1,2,2,2,2,2,2,2,2,2
115,3,0,2,2,2,2,2,2,2,2,2,2,2,2,2
116,3,102,1,1,1,2,2,2,2,2,2,1,1,1,1
117,3,118,1,1,1,2,1,2,1,1,1,2,1,2,1
118,3,68,1,2,1,2,2,2,2,2,2,2,1,2,1
119,2,0,2,2,1,2,1,1,2,1,1,1,1,2,1
120,3,13,1,2,2,2,2,2,2,2,2,2,2,2,2
121,3,47,1,2,2,2,1,2,2,1,2,1,2,1,1
122,3,69,2,1,1,1,2,2,1,1,1,1,2,0,1
123,3,135,2,2,2,1,1,2,2,1,1,1,1,1,1
124,3,124,2,1,1,1,2,1,2,1,2,1,1,1,1
125,3,7,2,2,2,2,1,2,2,2,2,2,2,2,1
126,1,109,1,1,0,1,1,1,2,1,1,1,2,1,0
127,4,0,1,2,1,2,2,2,2,2,2,2,2,2,2
128,3,95,2,2,2,2,2,2,2,2,2,1,2,2,2
129,3,53,2,2,1,1,1,1,1,0,2,1,1,2,1
130,2,58,1,1,1,1,2,1,2,1,1,2,1,2,1
131,3,113,2,2,1,2,0,1,1,1,0,1,1,1,1
132,4,0,2,2,2,2,2,1,2,2,2,1,1,2,1
133,4,84,2,2,2,2,2,2,2,2,2,2,2,2,2
134,2,52,1,2,1,2,2,2,1,2,1,1,1,1,0
135,2,53,2,2,2,2,2,2,2,1,2,2,2,1,1
136,3,49,1,2,2,2,2,1,2,2,2,1,1,2,2
137,3,21,1,1,1,1,2,2,2,2,2,2,2,2,2
138,3,68,2,2,2,2,2,2,2,2,2,2,1,1,1
139,3,16,2,2,1,2,2,1,1,1,2,2,2,2,1
140,3,64,0,1,1,1,2,0,1,1,1,1,1,1,0
141,3,64,1,1,1,2,1,1,2,2,2,2,2,1,1
142,4,80,2,2,2,2,2,2,2,2,2,2,2,2,2
143,3,28,1,1,1,1,2,1,2,1,0,1,1,0,0
144,4,12,2,2,2,2,2,2,2,1,2,2,2,1,1
145,2,20,0,1,1,0,0,1,2,0,1,1,0,1,0
146,3,102,2,1,2,2,2,2,2,1,1,2,1,2,1
147,3,12,2,1,2,2,1,2,2,1,1,0,2,1,2
148,2,84,1,1,1,1,2,1,0,0,1,0,1,1,0
149,3,0,1,1,1,1,2,2,1,1,1,1,1,2,2
150,2,0,1,2,1,1,1,1,0,1,2,1,1,2,1
151,3,16,1,1,2,2,1,1,2,1,1,1,1,1,2
152,2,61,1,1,1,1,1,2,2,2,1,2,1,2,1
153,2,105,0,0,1,1,1,2,2,1,1,1,1,1,1
154,2,52,1,2,2,2,2,1,2,1,1,2,1,1,1
155,2,7,2,1,1,2,1,2,1,1,1,1,1,2,1
156,4,57,0,1,2,2,2,2,2,2,2,2,2,1,2
157,3,51,2,2,1,2,2,2,2,2,1,2,1,2,1
158,3,71,1,1,1,1,1,1,2,2,2,1,1,2,2
159,3,98,2,1,1,1,1,1,1,2,2,1,2,1,1
160,2,58,2,2,2,2,2,1,1,1,2,1,2,1,1
161,4,84,2,2,2,2,2,2,1,2,1,2,2,1,2
162,2,69,2,1,1,1,1,2,1,0,1,1,0,1,1
163,2,104,2,1,1,1,1,1,1,1,2,1,1,1,0
164,4,96,2,2,2,2,2,2,2,2,2,2,1,2,2
165,1,28,0,1,1,2,1,0,0,1,1,0,0,1,1
166,4,0,1,2,2,1,2,2,2,2,2,2,2,2,2
167,2,36,0,1,1,1,2,1,1,1,1,2,2,2,1
168,3,60,1,1,1,2,1,1,1,2,1,1,1,1,1
169,3,61,2,2,2,2,2,2,2,1,2,2,1,2,1
170,3,5,1,2,2,2,2,2,2,1,2,1,2,2,2
171,3,14,1,2,1,2,1,1,1,1,2,2,1,1,2
172,3,80,2,2,2,2,1,1,2,1,2,1,2,1,2
173,2,0,1,1,1,1,1,1,1,1,1,1,1,1,1
174,2,0,1,1,1,1,1,1,1,1,1,1,0,1,1
175,3,88,2,1,1,1,2,1,1,1,1,2,2,1,1
176,2,61,1,1,1,1,2,1,1,1,1,0,1,2,1
177,3,62,1,2,2,2,2,2,2,0,1,2,1,1,2
178,4,54,2,2,2,2,2,2,2,2,2,2,2,2,2
179,4,31,2,2,2,2,1,2,2,2,2,2,2,2,2
180,3,84,2,2,2,2,2,1,1,1,1,1,2,1,2
181,3,58,2,2,2,2,2,1,1,2,2,2,1,1,1
182,3,0,2,1,0,1,1,0,1,1,1,1,1,1,2
183,4,7,2,1,2,1,1,2,2,2,1,2,1,0,1
184,3,0,1,1,1,2,1,2,2,2,2,2,1,1,2
185,2,80,1,2,2,2,2,2,2,2,2,2,2,2,1
186,2,32,2,2,1,2,2,2,2,2,2,2,1,2,1
187,2,92,2,1,1,2,1,1,2,2,1,2,0,2,0
188,3,86,1,2,1,1,2,2,1,2,1,2,1,1,1
189,2,5,2,1,1,1,1,1,2,1,1,0,1,2,1
190,3,69,1,1,1,1,2,2,2,2,1,2,2,1,1
191,3,52,1,1,2,1,1,1,2,1,2,2,2,1,1
192,3,69,1,2,1,1,1,2,2,1,2,2,2,1,2
193,3,105,2,2,2,2,2,2,1,2,1,1,1,1,1
194,4,42,2,2,1,1,1,2,1,1,2,1,2,1,2
195,2,60,2,1,2,2,2,1,2,1,2,1,1,1,1
196,3,41,2,2,2,2,1,2,1,2,2,2,1,1,1
197,3,74,2,2,2,2,1,1,1,1,1,1,1,1,1
198,3,0,1,2,1,2,1,2,2,2,2,1,1,1,2
199,2,38,1,1,1,1,1,1,1,1,1,1,1,1,1
200,3,40,1,2,1,1,1,2,2,1,2,1,2,1,1
201,3,0,1,2,2,1,2,2,2,1,2,1,2,2,2
202,3,49,2,2,1,2,2,2,2,2,2,2,2,1,1
203,4,90,1,2,2,1,1,2,2,2,2,1,2,1,1
204,3,72,1,1,1,2,1,2,1,1,2,2,2,2,2
205,2,21,1,1,1,1,1,1,1,1,1,1,1,0,1
206,4,89,2,2,2,2,2,2,2,2,2,2,2,2,2
207,1,8,1,0,0,0,0,0,1,1,1,0,1,1,0
208,2,97,1,2,1,1,1,2,2,1,2,2,1,1,1
209,4,28,2,2,2,2,2,2,2,2,2,2,2,2,2
210,3,43,1,1,1,1,2,2,2,2,2,1,1,1,1
211,2,84,2,1,0,1,1,1,1,1,1,2,1,1,1
212,3,118,1,2,1,1,1,2,2,1,2,2,1,1,1
213,3,95,2,2,1,2,2,2,2,2,2,2,1,1,1
214,3,99,2,2,1,1,2,1,1,0,1,1,0,1,0
215,3,86,1,2,2,2,2,2,2,2,2,2,2,2,2
216,2,0,1,1,1,2,2,2,2,2,1,1,2,1,1
217,2,67,1,1,1,1,1,0,0,1,1,1,1,1,1
218,3,14,1,1,1,1,1,1,1,1,0,1,1,1,1
219,3,0,1,1,1,1,2,2,2,1,1,1,1,2,1
220,2,122,1,1,1,2,2,1,2,1,2,0,1,1,1
221,3,133,1,2,0,2,2,2,2,2,2,2,1,2,1
222,3,37,2,2,2,2,1,1,2,1,2,1,1,2,1
223,3,144,1,2,2,2,2,2,1,2,2,2,2,2,2
224,3,19,2,2,2,2,2,2,1,2,2,2,1,0,1
225,2,43,1,2,1,2,1,2,2,2,2,2,1,1,2
226,2,113,1,2,1,2,2,2,2,2,2,2,2,2,1
227,2,95,2,1,1,1,1,1,1,1,2,1,1,1,1
228,2,68,2,1,1,2,1,2,1,1,2,1,1,2,1
229,3,51,2,2,1,2,2,2,2,2,1,1,1,1,2
230,2,118,1,2,1,1,1,1,2,1,1,1,1,1,1
231,3,71,2,1,2,1,1,1,2,2,2,2,2,1,1
232,2,152,1,1,1,2,1,1,1,1,1,1,1,1,1
233,3,10,2,2,2,2,2,2,2,2,2,2,1,1,2
234,4,11,2,2,2,2,2,2,2,2,2,2,1,2,1
235,2,0,2,2,1,2,1,2,2,2,1,2,2,2,2
236,4,88,2,2,2,1,2,2,1,2,2,2,2,1,1
237,3,60,2,1,2,2,1,2,2,2,2,1,2,2,2
238,2,9,2,1,2,1,1,1,2,2,1,2,2,2,2
239,2,35,1,1,1,0,0,1,1,1,1,1,1,1,1
240,1,29,1,1,1,1,2,1,1,1,1,1,1,1,1
241,3,13,1,1,1,2,1,2,2,1,2,2,1,2,2
242,2,92,2,1,0,1,1,1,1,1,1,1,1,2,1
243,3,61,1,1,1,1,1,1,1,1,2,1,1,1,1
244,4,100,2,2,1,1,2,2,2,2,2,2,2,2,2
245,4,80,2,2,2,2,1,2,1,1,2,1,2,2,2
246,2,72,1,1,0,1,1,1,2,2,1,2,2,2,2
247,2,96,2,2,2,2,1,1,2,1,2,2,1,2,1
248,2,101,1,1,1,1,1,1,1,1,1,1,1,1,1
249,4,113,1,2,1,2,2,2,2,2,2,1,2,1,1
250,3,89,2,2,1,2,2,2,2,2,1,1,1,1,1
251,3,29,2,1,1,1,1,1,1,1,1,1,1,1,1
252,2,67,1,1,1,1,1,1,1,1,1,1,1,0,0
253,4,101,2,2,2,2,2,2,2,2,2,2,2,2,1
254,2,29,1,1,1,1,1,1,2,1,0,1,1,1,0
255,4,72,2,2,2,1,2,2,2,2,1,2,2,2,1
256,4,90,1,1,2,2,1,2,2,2,2,2,2,2,2
257,4,132,1,2,2,2,2,2,2,2,2,1,1,2,2
258,2,0,1,1,1,1,1,2,1,1,1,1,0,1,1
259,2,27,0,1,1,1,1,1,1,1,1,1,1,1,1
260,3,88,1,1,1,2,1,1,2,2,2,2,2,2,2
261,4,158,2,2,1,2,2,2,2,2,1,1,1,2,1
262,3,33,1,1,1,1,1,0,1,0,1,0,1,1,1
263,3,33,2,2,2,2,2,2,2,2,2,2,2,2,1
264,3,96,1,2,2,2,1,2,2,1,2,1,2,2,1
265,3,83,1,2,2,2,2,2,2,2,2,1,2,1,1
266,3,98,2,2,2,2,2,2,2,2,2,2,2,2,2
267,4,103,2,2,1,2,1,2,2,2,1,2,2,1,2
268,2,55,2,2,1,2,1,2,1,1,1,1,0,1,0
269,3,73,2,1,2,2,1,1,2,2,1,2,1,1,1
270,3,0,2,1,1,2,1,2,2,2,2,1,1,1,2
271,3,46,2,1,1,1,1,2,1,1,2,2,1,1,0
272,3,87,2,2,2,2,2,1,2,2,2,1,1,2,1
273,3,53,2,1,1,1,2,2,2,2,2,1,2,1,2
274,3,127,2,2,1,1,1,2,2,1,2,2,1,2,2
275,2,78,1,1,1,1,1,2,2,1,1,1,1,1,1
276,3,0,1,2,2,2,1,2,2,1,1,1,2,2,1
277,3,14,2,1,1,1,2,1,1,1,1,1,2,1,1
278,3,1,1,0,1,1,0,1,1,1,1,1,1,1,2
279,3,27,1,2,2,1,1,2,2,1,1,1,2,2,1
280,3,21,2,2,2,2,1,1,2,2,1,1,1,1,1
281,2,38,1,2,2,2,2,2,2,2,2,1,2,1,2
282,3,129,2,2,1,2,1,2,1,1,2,2,1,1,2
283,4,53,1,2,2,2,2,1,2,1,2,1,1,2,2
284,3,61,1,2,2,2,2,2,2,2,1,1,2,2,1
285,2,47,1,2,1,1,1,1,1,1,1,1,1,1,1
286,3,75,2,2,1,2,2,1,2,2,2,2,2,2,2
287,3,83,2,2,2,2,2,2,2,2,2,1,1,2,2
288,2,70,1,1,2,1,1,1,0,0,1,1,1,1,1
289,2,0,1,1,1,1,2,2,1,1,1,1,1,1,1
290,3,24,1,2,1,2,2,2,2,2,2,2,2,2,2
291,2,109,1,1,1,1,1,1,1,0,0,1,1,1,0
292,4,73,2,2,2,2,2,2,2,2,2,2,2,2,2
293,3,25,2,2,1,1,2,2,1,1,2,2,1,1,1
294,2,94,1,1,1,1,2,1,2,1,1,1,1,1,1
295,2,81,1,1,2,2,1,2,2,2,1,2,2,2,2
296,2,98,2,2,1,1,1,1,1,1,1,1,1,2,0
297,3,118,2,2,1,2,2,2,2,1,2,1,1,2,1
298,2,18,2,2,1,2,2,1,1,1,2,2,2,1,1
299,2,25,1,1,2,2,1,1,1,2,2,1,2,0,2
300,2,84,2,1,2,2,1,2,2,2,1,1,1,1,0
301,4,5,2,1,1,1,2,2,2,1,1,1,1,1,1
302,3,2,2,2,2,2,1,2,2,1,2,1,1,1,2
303,2,0,1,1,1,1,1,1,1,1,1,1,1,1,1
304,4,93,2,1,1,2,2,2,2,2,2,2,2,2,1
305,3,104,1,1,1,1,2,1,2,1,2,2,1,2,2
306,2,95,1,2,1,2,2,2,1,1,1,1,1,1,1
307,3,55,1,2,2,2,1,1,2,2,2,1,2,1,1
308,4,90,2,2,2,2,2,2,1,1,2,2,2,2,2
309,2,56,2,2,1,2,1,2,1,1,2,2,1,0,2
310,4,0,2,2,1,2,2,2,2,2,2,2,1,2,1
311,3,97,1,2,2,2,1,2,2,2,1,2,1,1,2
312,3,72,1,1,2,1,2,2,2,2,1,2,1,0,1
313,4,59,1,1,2,1,2,2,2,1,1,2,2,2,2
314,2,47,1,1,1,1,1,1,2,1,1,1,0,1,1
315,3,99,2,2,1,1,2,2,2,2,1,1,2,1,2
316,2,46,1,2,2,2,2,2,2,2,2,2,2,2,2
317,3,96,1,2,1,2,2,1,1,2,1,1,1,2,2
318,3,83,1,1,2,1,1,1,2,1,1,1,1,1,1
319,3,32,1,1,1,1,2,1,2,1,2,2,2,1,2
320,2,20,2,1,2,2,2,2,1,1,1,2,2,1,2
321,3,5,1,2,1,2,2,1,1,2,2,1,1,2,2
322,3,76,0,1,1,1,1,1,1,0,1,1,1,1,0
323,3,0,2,1,0,1,2,2,1,2,2,2,1,2,1
324,3,0,2,2,1,2,2,2,2,2,2,2,2,2,2
325,3,33,0,1,1,1,1,1,1,1,1,2,2,2,1
326,3,54,1,2,2,1,1,2,2,2,2,2,2,1,2
327,3,35,1,2,1,2,1,2,1,0,1,1,1,2,1
328,3,79,1,1,1,1,1,1,1,1,1,1,0,1,2
329,2,68,1,2,2,2,1,1,1,1,2,1,1,1,2
330,3,89,2,2,1,2,2,2,2,2,2,2,1,1,2
331,3,10,1,2,1,2,1,2,2,2,2,2,2,2,2
332,3,47,1,2,1,2,1,1,2,1,2,1,1,1,1
333,2,90,1,2,1,2,2,1,1,1,1,1,1,0,1
334,2,34,1,2,1,1,1,1,1,1,1,2,1,1,1
335,3,126,1,1,1,2,1,1,2,1,2,1,2,2,1
336,3,0,2,2,1,2,2,1,1,2,1,2,1,1,1
337,4,0,1,2,2,2,2,2,1,2,2,2,2,2,2
338,2,67,1,2,1,2,1,1,2,2,1,2,2,2,1
339,3,34,2,2,2,2,2,2,2,2,2,2,2,2,1
340,4,4,2,2,2,2,2,2,2,2,2,2,2,2,2
341,3,57,1,2,2,2,2,1,2,1,1,2,1,1,2
342,2,118,1,1,1,2,1,1,1,1,2,1,2,2,1
343,2,46,2,1,1,2,2,2,2,1,1,2,2,2,1
344,1,81,0,1,2,0,0,1,1,1,1,1,0,1,0
345,3,78,2,2,1,2,2,1,2,1,1,1,1,2,2
346,2,33,2,2,1,2,1,2,2,1,1,1,1,2,1
347,2,3,1,1,1,1,1,2,2,2,2,1,2,1,1
348,3,103,2,2,2,2,1,1,1,1,1,1,1,1,1
349,3,96,2,2,2,2,2,2,2,1,2,2,1,1,1
350,4,120,2,2,2,2,0,2,2,1,2,2,2,2,2
351,4,93,2,2,2,1,2,2,2,2,2,1,2,1,2
352,3,48,0,2,1,1,2,1,1,1,1,2,2,1,2
353,3,83,1,2,2,2,2,2,2,2,2,2,2,2,2
354,4,71,2,2,2,2,2,2,2,2,2,2,2,2,1
355,3,147,2,2,2,2,2,2,2,1,1,2,0,1,1
356,4,21,1,1,1,2,2,1,1,1,1,1,1,2,1
357,3,52,0,2,2,2,2,2,2,2,2,2,1,1,1
358,3,121,2,2,2,2,2,2,1,1,2,1,1,1,1
359,4,74,1,2,2,2,2,2,2,2,1,2,2,2,2
360,2,80,0,1,1,1,1,1,1,0,1,1,1,1,1
361,3,99,1,1,2,2,2,1,1,0,1,1,1,0,0
362,4,55,2,2,2,2,2,2,2,2,1,2,2,1,1
363,4,84,2,2,2,2,2,2,2,2,2,2,2,2,2
364,3,53,1,1,2,2,1,2,1,1,2,1,1,2,1
365,2,54,1,1,0,1,2,1,1,0,2,1,1,0,1
366,3,64,2,1,1,2,1,1,1,2,1,1,1,2,1
367,3,0,2,2,2,2,2,2,2,2,1,2,2,2,2
368,3,67,2,2,1,2,2,2,2,2,2,2,2,2,2
369,3,25,1,1,2,1,2,2,2,2,2,2,2,2,2
370,2,0,1,2,2,2,2,2,1,2,1,2,2,2,1
371,0,15,0,1,0,1,2,1,1,0,1,0,0,0,1
372,4,25,2,1,2,2,1,2,1,2,2,2,2,1,2
373,2,12,1,1,1,1,2,1,1,1,1,1,0,0,0
374,2,107,2,1,1,1,1,1,1,1,1,1,2,2,1
375,2,0,1,2,2,2,2,2,1,1,2,2,1,2,1
376,3,10,1,2,2,1,2,1,1,2,2,2,1,2,2
377,3,34,2,2,2,2,2,2,2,2,2,2,2,2,2
378,4,135,1,1,1,1,2,2,2,2,2,2,1,2,2
379,2,21,1,2,1,2,2,2,2,2,2,2,2,1,1
380,4,39,2,2,2,2,1,2,1,2,1,2,2,2,2
381,3,77,2,1,2,2,1,1,2,2,1,2,2,1,2
382,3,138,2,1,2,1,1,1,1,2,2,2,2,2,2
383,4,129,2,2,1,2,2,1,1,1,2,1,1,2,1
384,3,113,2,2,2,2,2,1,2,2,1,2,2,1,1
385,2,0,2,2,2,2,2,2,2,1,1,1,1,1,1
386,2,106,1,1,1,1,2,2,2,2,1,2,2,1,2
387,4,3,2,2,2,2,2,2,2,2,2,1,2,2,2
388,3,136,2,1,1,1,2,2,1,1,2,1,1,2,1
389,3,58,2,2,1,2,1,2,2,1,1,1,2,1,1
390,3,42,1,2,2,2,2,2,2,2,2,2,2,2,1
391,2,0,2,2,1,1,1,2,1,2,2,2,1,1,2
392,3,100,1,1,1,2,1,1,2,1,1,1,1,1,0
393,3,46,2,2,2,2,1,1,2,1,2,1,1,2,2
394,2,36,1,2,1,2,2,2,1,1,1,1,1,0,0
395,4,73,1,2,2,2,1,1,2,1,2,2,2,1,1
396,2,57,2,2,1,2,2,1,1,2,1,2,1,1,2
397,3,28,2,2,1,2,2,1,1,1,1,1,1,1,1
398,4,106,2,2,1,2,2,2,2,1,2,2,2,2,2
399,1,75,2,2,1,2,2,2,2,1,2,1,1,1,1
400,2,113,2,1,1,1,1,2,2,2,2,2,1,1,2
401,4,32,2,2,2,2,1,2,1,2,2,1,2,2,1
402,1,89,1,1,1,2,1,1,1,1,1,1,1,1,1
403,2,26,1,1,1,2,1,2,2,2,1,2,2,1,1
404,3,35,2,1,2,1,1,2,2,2,2,2,2,2,1
405,3,0,2,2,1,1,1,2,2,2,1,1,2,2,2
406,2,123,2,2,1,2,1,1,2,2,2,1,1,2,1
407,2,22,1,2,1,1,1,2,2,2,2,1,1,1,2
408,3,124,1,1,1,1,2,2,1,2,1,1,2,1,1
409,2,58,0,1,1,1,1,1,1,0,1,1,1,1,1
410,2,0,2,2,1,1,2,2,2,1,1,1,1,1,2
411,3,87,1,1,1,1,2,2,1,2,2,2,2,2,2
412,3,0,2,2,2,2,2,2,1,2,2,1,1,1,1
413,1,0,2,2,2,1,1,2,1,2,2,2,1,1,2
414,3,157,2,1,1,1,1,1,1,1,2,1,1,0,0
415,3,48,1,2,1,2,2,1,0,1,2,2,2,2,2
416,2,61,1,2,1,1,1,2,2,1,2,2,1,1,2
417,4,0,2,2,2,1,2,2,1,2,2,1,1,2,2
418,2,116,2,2,2,2,0,1,1,1,2,1,2,1,1
419,2,79,2,2,2,1,2,2,1,1,1,1,2,1,2
420,3,31,1,1,1,2,2,1,1,0,1,1,2,1,1
421,3,125,2,1,2,2,1,1,0,1,1,1,1,1,1
422,2,23,2,2,2,2,2,1,2,1,2,2,1,1,1
423,4,0,2,2,2,2,1,2,2,2,2,2,2,2,2
424,2,0,2,2,1,2,2,2,2,1,1,2,1,2,1
425,1,135,1,1,1,1,1,1,1,1,1,1,2,1,1
426,2,0,0,1,1,2,1,1,1,1,1,0,1,0,0
427,2,66,2,1,2,2,2,1,1,2,2,1,1,2,2
428,3,47,2,2,1,2,1,2,2,1,1,1,0,1,1
429,3,62,2,1,2,2,2,2,2,2,2,1,1,2,1
430,3,83,1,1,1,1,1,2,1,2,1,1,1,2,1
431,3,62,1,1,1,2,2,2,2,2,2,1,1,2,2
432,2,11,2,2,2,2,1,2,1,1,1,1,1,1,2
433,2,0,2,1,2,2,2,1,2,2,1,2,1,2,2
434,4,25,2,1,2,1,2,2,2,2,2,2,2,2,2
435,2,68,1,2,2,1,2,2,1,1,1,1,1,1,0
436,3,107,2,2,1,2,2,2,2,1,2,2,2,1,2
437,2,15,1,1,1,1,1,2,2,1,1,1,2,1,1
438,3,120,2,2,2,2,1,2,1,2,2,2,2,2,1
439,3,119,2,1,2,1,2,1,2,1,1,1,1,2,1
440,4,38,2,2,1,1,1,2,1,1,1,0,1,1,1
441,4,75,1,2,2,1,2,2,2,2,2,1,1,1,1
442,2,57,1,2,1,2,1,1,1,1,2,2,1,1,1
443,3,55,1,2,1,2,1,1,1,2,1,1,1,2,1
444,3,0,0,2,1,2,2,1,2,1,2,1,2,2,2
445,4,104,2,2,1,1,2,2,2,2,1,1,1,1,1
446,2,22,1,1,1,1,1,1,1,1,1,1,1,1,1
447,4,45,1,1,2,2,1,2,2,2,2,2,2,2,2
448,3,0,1,1,1,1,2,2,1,2,2,1,1,1,1
449,2,64,2,2,1,1,2,1,1,1,1,1,1,1,0
450,2,6,1,1,1,1,1,1,1,1,1,1,1,1,2
451,1,89,0,2,1,1,1,1,1,1,1,1,1,1,1
452,2,39,1,2,2,2,2,1,2,1,2,1,0,1,0
453,2,18,2,1,1,2,1,2,2,2,2,2,2,2,1
454,2,46,2,2,2,2,2,1,2,1,1,2,1,1,0
455,3,59,1,2,0,1,1,2,2,1,1,1,1,1,1
456,3,43,2,2,2,2,2,2,2,2,2,2,2,1,2
457,4,18,1,2,2,2,2,2,2,2,2,2,2,2,1
458,4,12,2,2,2,2,2,2,2,2,2,2,2,2,2
459,3,49,2,2,2,1,1,2,2,2,2,2,2,2,1
460,1,44,1,2,1,1,1,1,2,1,1,1,1,1,0
461,2,19,1,1,1,1,1,1,1,2,2,1,0,1,1
462,4,153,2,2,2,2,2,2,2,2,2,2,2,2,2
463,1,36,2,1,1,1,1,1,1,1,1,1,1,1,1
464,2,64,2,2,1,2,1,2,2,2,2,1,2,1,1
465,2,81,2,2,2,2,1,1,1,1,2,2,1,2,1
466,3,119,1,1,1,2,2,1,1,1,1,1,1,1,1
467,1,98,1,1,1,2,1,1,1,1,1,0,1,0,1
468,3,33,2,2,1,2,2,1,1,1,2,2,1,1,1
469,3,82,2,2,2,2,1,2,1,1,2,2,1,2,2
470,3,175,2,2,2,2,2,2,2,2,2,2,2,2,2
471,3,60,2,1,1,2,1,1,2,1,2,1,2,1,1
472,2,0,1,1,0,2,1,1,1,2,1,1,1,1,1
473,3,129,2,2,1,1,2,1,1,2,1,1,1,2,1
474,3,27,1,2,1,2,2,2,2,2,2,1,2,1,0
475,2,16,1,1,1,1,0,1,1,1,1,1,1,1,0
476,4,52,1,2,2,2,2,2,2,2,2,2,2,2,2
477,3,31,1,2,2,2,2,1,1,2,1,1,2,1,1
478,2,34,2,1,1,2,2,1,1,0,1,0,1,1,0
479,3,83,1,1,1,0,2,1,1,1,2,1,1,1,1
480,2,92,1,2,1,2,2,2,2,2,2,2,1,1,1
481,2,76,2,1,1,2,2,2,1,1,1,1,2,1,1
482,3,119,2,1,1,1,1,1,1,2,1,2,2,1,2
483,2,0,1,2,2,1,1,1,1,1,1,1,1,1,0
484,2,63,1,1,1,0,1,1,2,1,2,1,1,1,1
485,3,74,2,2,1,2,2,2,2,1,2,2,2,2,1
486,4,48,2,2,2,2,2,2,2,1,1,2,2,2,2
487,2,75,2,2,2,1,2,1,1,0,1,1,1,0,0
488,4,84,1,2,2,2,2,2,2,2,2,2,2,2,1
489,3,41,1,2,1,2,1,1,1,2,1,1,1,1,2
490,2,36,1,1,1,1,1,1,1,2,2,2,1,1,1
491,3,0,1,2,1,2,0,1,2,2,2,1,2,1,1
492,4,77,1,1,1,2,2,2,2,1,2,1,2,1,2
493,2,59,0,2,2,1,2,1,1,0,2,1,2,1,1
494,3,111,1,2,1,2,2,2,2,2,2,1,2,2,2
495,3,96,2,2,2,2,2,2,2,2,2,2,2,2,2
496,2,34,2,1,1,2,2,1,1,2,2,2,1,2,1
497,2,14,2,2,1,2,1,2,1,0,1,2,1,1,1
498,3,96,2,1,1,2,2,1,2,2,2,2,2,1,2
499,4,15,2,2,1,1,1,2,1,1,2,1,2,1,1
500,1,8,2,1,1,1,1,1,1,1,1,1,1,2,1
501,2,43,0,2,0,1,1,1,1,1,1,0,1,2,1
502,1,18,0,1,1,1,2,2,1,1,2,1,1,2,1
503,4,68,1,2,2,2,2,1,2,1,2,1,2,1,1
504,4,101,2,2,2,2,2,2,2,2,2,2,2,2,2
505,3,66,2,2,1,2,2,1,1,1,1,1,1,2,1
506,2,61,1,1,0,2,1,1,1,1,1,0,1,1,0
507,3,66,1,2,1,1,1,2,2,2,2,2,2,2,2
508,3,120,1,1,0,1,2,2,1,1,1,1,1,1,1
509,4,57,2,1,0,1,1,1,1,1,1,1,1,1,1
510,3,0,2,1,1,1,1,1,1,2,1,2,2,2,1
511,1,97,1,1,0,1,0,1,1,0,1,0,0,0,0
512,3,44,1,2,1,1,1,1,2,2,1,1,2,2,2
513,3,42,1,1,1,1,1,1,1,0,1,2,1,1,2
514,1,0,1,1,1,1,0,2,2,2,1,1,1,1,0
515,3,66,2,2,1,2,2,1,2,2,2,2,1,2,1
516,3,51,0,2,1,1,1,1,2,1,1,1,2,1,1
517,2,133,2,1,1,1,1,1,1,1,2,2,1,1,1
518,3,39,2,2,1,1,2,1,1,1,1,1,1,1,2
519,3,6,1,1,1,1,2,1,2,2,2,2,2,2,2
520,3,134,2,1,2,2,2,1,2,2,1,1,1,1,1
521,4,84,2,2,2,2,2,2,2,2,2,2,2,2,1
522,4,32,2,2,2,2,2,2,2,2,2,2,1,2,2
523,3,82,1,2,1,1,1,1,1,2,2,1,1,1,1
524,2,0,1,2,0,2,1,2,2,2,2,1,1,1,1
525,3,77,1,1,1,1,1,1,1,0,1,2,2,2,1
526,4,38,1,2,2,2,2,1,2,2,2,2,2,2,2
527,3,58,2,1,2,1,1,2,2,2,2,2,2,1,2
528,2,29,1,1,2,1,0,1,1,0,1,1,1,1,1
529,3,49,1,1,1,1,1,2,1,2,1,1,1,2,1
530,3,91,1,2,1,1,2,1,2,1,1,2,2,2,1
531,3,18,2,2,2,2,2,2,2,2,2,2,2,1,1
532,4,30,2,2,2,2,1,1,2,2,2,2,2,2,2
533,3,73,1,1,1,2,1,1,2,2,1,1,0,1,1
534,4,34,1,1,1,1,1,2,1,1,1,2,2,2,1
535,3,86,2,2,2,2,2,2,2,2,2,2,2,2,1
536,1,65,1,1,1,2,1,2,2,1,1,1,1,1,0
537,3,6,2,1,1,1,2,2,2,1,2,2,2,2,2
538,3,58,0,1,2,1,1,1,1,2,1,2,0,1,1
539,3,158,2,2,2,2,1,2,1,1,1,2,2,1,1
540,4,31,2,2,2,2,1,2,2,2,1,1,2,2,1
541,4,46,2,2,2,2,1,2,2,1,2,2,2,2,2
542,4,0,1,2,1,2,2,2,2,2,2,2,2,2,2
543,3,0,1,1,2,1,1,1,1,1,2,1,2,1,1
544,3,13,1,1,2,2,1,1,2,2,2,1,1,2,2
545,2,185,1,1,1,1,1,1,1,1,1,2,0,1,0
546,3,90,1,1,1,1,1,1,2,1,1,1,1,2,1
547,2,36,1,1,1,2,1,2,2,1,1,1,1,1,0
548,2,34,1,1,1,1,1,1,1,1,1,1,1,1,1
549,2,28,2,1,2,1,1,2,2,2,1,2,2,2,1
550,4,79,1,2,1,1,2,1,2,1,2,2,1,0,2
551,3,0,1,2,1,2,2,1,1,1,1,2,1,1,1
552,2,37,2,2,2,2,1,1,1,1,2,1,1,1,1
553,2,22,1,2,1,1,1,2,2,1,2,1,1,1,1
554,2,61,1,1,0,1,1,1,1,0,1,1,0,0,1
555,2,107,1,2,1,2,1,1,1,2,1,1,0,1,0
556,2,7,1,1,1,1,1,1,1,1,1,1,1,1,1
557,4,67,2,2,2,2,2,2,2,2,2,2,2,2,2
558,4,2,2,2,2,1,2,2,2,2,2,1,2,1,1
559,3,28,1,1,1,2,2,1,2,2,2,2,2,2,1
560,4,0,2,2,2,2,2,2,2,2,2,2,2,2,2
561,2,5,1,1,0,1,2,2,2,2,1,2,2,1,1
562,1,58,2,2,1,2,2,1,1,1,1,2,1,1,1
563,3,71,1,2,1,2,2,2,2,2,2,1,1,2,0
564,2,75,1,1,1,1,2,1,1,1,1,2,2,1,1
565,3,37,2,2,0,2,2,2,2,2,2,2,2,2,1
566,3,43,2,2,2,2,1,2,1,1,2,1,2,1,1
567,3,156,2,2,2,2,2,2,2,2,2,2,1,1,2
568,3,0,1,1,2,1,2,1,1,2,1,2,2,2,2
569,2,7,1,1,1,1,1,2,2,1,2,1,1,2,1
570,3,96,2,1,0,2,1,1,2,2,1,1,1,1,1
571,3,190,2,2,2,2,2,2,2,2,2,2,2,1,2
572,3,64,2,1,1,2,1,2,1,1,2,1,1,1,1
573,3,54,2,2,1,2,2,2,1,1,1,1,1,1,1
574,2,61,1,2,2,2,1,1,2,1,1,1,2,0,1
575,2,117,1,1,1,1,1,1,0,0,1,1,1,1,1
576,3,78,2,2,2,2,2,2,2,2,2,2,2,1,2
577,2,59,1,2,1,2,1,2,2,2,2,2,2,1,1
578,2,68,2,2,1,2,1,2,2,2,2,1,1,1,2
579,3,30,2,2,2,2,2,2,2,2,2,2,2,2,2
580,3,16,2,2,2,1,1,2,2,1,2,2,1,2,1
581,3,53,1,1,2,2,2,2,2,2,2,2,1,2,2
582,2,109,1,2,1,2,0,1,1,1,1,1,1,0,1
583,3,35,1,1,0,1,2,1,1,1,1,1,1,1,1
584,4,52,2,2,2,1,2,2,1,1,1,2,2,2,2
585,3,0,0,1,2,2,1,2,1,1,2,2,1,1,1
586,4,88,1,1,2,1,2,2,2,2,2,1,1,2,1
587,3,15,1,1,2,2,2,2,2,2,2,2,2,2,2
588,2,40,2,2,1,1,1,1,1,1,2,1,1,1,1
589,4,82,2,2,2,2,2,2,2,2,2,2,1,2,2
590,3,88,1,2,1,1,1,1,2,1,1,2,1,1,0
591,3,50,2,2,2,2,2,2,2,1,2,2,1,2,1
592,2,37,1,1,1,2,2,2,2,1,1,0,1,2,1
593,2,76,1,2,2,2,2,1,1,2,1,1,2,2,1
594,3,87,2,1,1,1,2,2,2,2,2,1,2,1,1
595,2,60,2,1,1,1,0,1,1,2,1,1,1,1,0
596,2,90,1,1,1,1,1,1,2,2,2,2,1,1,2
597,4,107,1,2,2,2,2,2,2,2,2,2,2,2,2
598,2,108,1,2,1,1,1,1,1,1,1,0,2,1,2
599,2,92,0,1,0,1,2,1,1,1,1,1,1,1,1
600,2,36,0,0,1,1,0,1,1,1,1,1,0,1,0
601,3,89,1,2,2,2,2,1,2,1,2,2,1,2,2
602,4,38,2,2,2,2,2,2,2,1,2,2,2,2,1
603,3,70,1,2,2,1,1,2,1,1,2,1,2,2,2
604,3,128,1,2,1,1,2,2,1,2,1,1,1,1,1
605,1,32,1,1,0,1,1,2,1,1,1,1,1,1,1
606,3,47,1,1,2,1,1,1,2,1,1,2,1,1,1
607,3,76,2,1,2,2,2,2,2,2,2,1,1,2,1
608,3,35,1,1,2,2,1,2,2,1,2,2,2,2,1
609,3,23,2,2,2,2,1,2,2,2,2,2,2,1,2
610,3,0,2,2,2,2,2,1,2,2,2,2,2,1,1
611,2,53,1,1,1,2,2,2,2,1,2,1,2,1,1
612,4,0,1,1,2,2,1,2,2,1,2,2,2,1,2
613,4,70,1,2,2,2,2,1,1,2,1,1,2,1,1
614,2,65,1,1,1,1,0,1,2,1,1,1,0,0,1
615,2,122,1,1,2,2,2,2,1,2,2,1,1,1,1
616,3,19,1,1,1,1,1,2,2,2,1,2,1,1,2
617,4,85,2,1,1,1,2,2,2,2,2,1,1,2,1
618,2,12,2,1,0,1,1,1,2,1,1,1,2,1,1
619,3,68,1,1,2,2,1,1,2,1,1,1,2,1,1
620,1,26,1,1,0,1,1,0,1,0,0,1,0,1,0
621,3,113,2,2,2,2,2,2,2,2,2,1,2,2,1
622,4,94,2,1,1,1,1,2,2,2,2,1,1,1,1
623,2,90,1,2,1,1,1,1,2,1,1,1,2,0,1
624,2,7,1,1,1,1,1,1,1,1,1,1,2,1,1
625,4,96,2,2,2,2,2,2,2,2,2,2,2,2,2
626,3,114,1,2,1,1,1,2,2,0,1,2,1,1,1
627,2,86,2,1,2,1,2,2,2,2,1,2,2,1,1
628,3,35,1,1,1,1,1,1,2,2,2,1,2,2,2
629,3,57,1,1,1,1,1,2,1,1,2,1,1,1,0
630,2,88,1,2,1,2,2,1,1,1,1,2,0,2,1
631,2,32,0,0,1,1,0,0,1,1,1,0,1,0,1
632,2,115,1,1,1,1,1,1,1,1,1,1,2,2,0
633,3,66,2,2,2,2,2,2,2,2,2,2,2,2,2
634,3,61,1,2,2,2,2,2,2,2,2,2,2,1,2
635,3,43,2,2,1,2,2,1,1,1,1,1,1,1,2
636,3,60,1,1,0,2,1,1,1,1,1,1,1,1,1
637,3,23,2,1,1,1,1,1,1,1,1,1,1,1,2
638,3,162,1,2,1,1,1,1,2,1,2,2,2,1,1
639,4,27,2,1,1,1,2,2,2,2,2,2,2,2,2
640,3,112,2,2,2,2,2,2,2,2,2,2,2,2,2
641,3,84,2,1,2,2,2,2,2,1,1,2,1,1,1
642,2,106,0,1,1,1,1,2,1,2,2,1,1,1,1
643,2,50,1,1,1,1,1,1,1,1,1,1,1,1,0
644,3,90,2,2,1,2,2,2,2,1,1,2,2,2,1
645,2,2,0,2,1,1,1,1,1,1,1,1,2,1,1
646,3,54,2,2,1,2,2,2,1,2,2,2,2,1,2
647,4,77,1,1,1,2,2,2,1,1,2,1,1,2,2
648,3,74,2,2,2,2,2,2,2,2,2,2,2,2,2
649,3,118,1,1,1,1,2,1,1,1,1,1,1,1,1
650,4,0,1,1,1,1,1,1,1,1,1,2,1,1,2
651,3,113,1,2,1,2,2,2,2,2,2,2,1,1,2
652,2,60,1,2,2,2,2,2,2,2,1,2,1,2,1
653,3,99,2,1,1,2,2,2,2,2,2,2,2,2,2
654,2,112,0,1,1,1,1,1,1,0,1,1,1,2,0
655,3,79,1,1,1,1,1,1,1,0,1,1,1,1,1
656,2,60,1,1,1,0,1,1,2,1,1,1,1,1,2
657,2,106,2,2,1,2,1,1,2,1,2,2,1,2,1
658,2,40,2,1,2,1,1,1,1,1,2,1,2,1,1
659,3,27,1,2,1,2,1,2,2,2,2,2,2,2,2
660,3,38,2,2,2,1,2,2,2,2,2,2,2,2,2
661,2,17,0,1,1,1,2,1,1,1,2,0,1,1,1
662,4,61,1,2,2,1,1,1,2,1,1,1,1,1,2
663,3,99,2,1,2,1,1,1,1,2,1,1,2,1,1
664,3,21,1,1,1,1,0,1,1,1,1,1,2,2,1
665,2,48,1,1,1,1,1,2,2,2,2,1,1,1,1
666,2,0,1,2,1,2,2,2,2,1,2,2,2,2,1
667,2,86,2,2,2,1,1,2,1,2,2,2,2,2,2
668,2,29,1,1,2,1,1,2,2,2,1,1,1,1,1
669,2,23,0,1,0,1,1,0,0,0,1,1,0,0,0
670,4,52,2,2,2,2,2,2,2,2,2,2,2,2,2
671,4,71,2,2,2,2,1,1,2,1,2,2,2,2,1
672,2,0,1,1,1,1,1,0,1,1,1,1,1,1,1
673,3,64,1,2,2,2,1,2,1,2,1,2,1,2,1
674,3,34,1,1,2,1,1,2,2,2,1,1,2,1,1
675,4,0,2,2,2,2,2,2,1,1,1,2,2,2,2
676,1,28,1,1,1,0,0,1,2,0,1,0,0,0,0
677,1,64,1,0,1,1,1,1,1,1,0,1,0,0,0
678,2,10,1,1,1,2,1,1,1,1,1,1,1,1,1
679,2,36,2,1,1,1,1,2,2,1,1,1,2,1,1
680,2,0,2,2,1,1,1,2,1,1,1,1,1,1,0
681,2,37,0,1,1,1,1,2,2,2,1,1,1,1,1
682,2,72,1,1,0,1,1,1,2,1,2,2,1,1,1
683,3,42,2,1,1,1,2,1,2,2,1,1,2,1,1
684,2,108,2,2,2,2,2,2,1,1,1,1,1,2,1
685,3,34,2,1,1,2,2,1,1,1,1,1,2,2,1
686,2,98,2,2,1,1,1,2,2,2,2,2,1,1,1
687,2,60,2,2,1,1,2,1,2,1,2,2,2,1,2
688,4,63,1,1,1,1,2,1,2,2,1,2,2,1,2
689,3,34,2,2,2,2,1,1,2,1,1,2,1,1,1
690,3,26,1,1,1,2,2,2,2,1,2,2,1,2,2
691,2,70,2,1,1,1,1,2,1,2,1,0,1,1,0
692,4,164,2,2,2,2,2,2,2,2,2,2,1,2,2
693,3,120,1,1,2,1,1,2,2,1,2,1,1,0,1
694,3,102,1,2,1,1,1,1,2,1,1,1,1,1,1
695,3,0,2,2,2,2,2,2,2,2,2,2,2,2,2
696,2,127,1,1,2,1,1,1,2,1,1,1,1,1,1
697,4,67,2,2,2,2,2,2,2,2,2,1,2,1,1
698,2,57,1,1,1,0,0,1,1,1,1,0,0,0,0
699,2,53,1,2,1,2,2,2,2,1,2,2,1,2,2
700,4,65,2,2,2,2,2,2,1,1,2,2,2,2,2
701,1,4,1,0,1,1,0,1,1,1,1,1,0,1,1
702,3,63,2,2,2,2,2,2,2,2,2,2,2,2,2
703,2,36,1,1,1,0,1,1,1,1,1,0,1,1,1
704,4,14,2,1,2,2,2,2,2,2,2,2,1,2,1
705,2,157,2,2,2,2,1,1,2,1,1,1,2,1,0
706,1,61,1,0,1,1,0,0,0,1,1,0,1,0,0
707,3,122,2,1,1,1,1,2,2,1,1,1,1,1,2
708,3,4,0,1,2,1,2,1,1,2,2,1,2,1,1
709,2,76,2,2,1,1,1,2,1,1,1,1,1,1,1
710,4,82,2,2,2,2,2,2,2,2,2,2,2,2,2
711,4,56,2,2,2,1,2,2,2,2,2,1,2,2,2
712,2,28,2,1,2,1,1,1,2,0,1,2,0,0,0
713,3,12,2,2,1,1,2,2,2,1,2,1,1,1,0
714,2,1,2,2,2,1,1,1,1,1,2,2,2,1,2
715,2,32,0,0,0,0,1,1,1,1,1,1,1,0,1
716,3,98,2,2,1,1,1,1,1,2,2,2,2,2,1
717,4,56,2,1,2,2,1,2,1,2,2,2,2,1,2
718,3,103,1,2,2,2,2,2,2,2,2,1,1,1,1
719,4,122,2,2,2,2,2,1,2,2,2,2,2,1,1
720,3,49,1,1,1,2,1,2,1,1,1,2,1,1,0
721,2,70,2,2,1,1,1,2,1,1,1,2,1,1,1
722,3,13,1,2,1,2,2,2,2,2,1,1,2,1,1
723,3,56,2,2,2,2,1,1,2,2,1,1,1,2,2
724,2,134,2,2,2,2,2,1,2,2,2,1,1,2,2
725,3,85,2,2,1,2,2,1,1,2,1,1,1,2,2
726,3,139,2,2,2,2,1,2,2,2,2,2,2,1,1
727,3,36,2,2,2,2,1,2,2,2,2,1,2,2,1
728,3,49,1,2,2,2,2,1,2,1,2,2,2,2,2
729,3,0,2,2,1,1,2,2,2,2,2,2,2,2,2
730,3,45,1,1,2,2,1,2,2,2,2,2,2,2,2
731,3,110,2,2,2,2,1,2,1,2,1,1,2,2,2
732,2,66,1,2,1,2,2,1,1,2,1,1,1,1,1
733,2,48,1,2,1,2,1,1,1,2,1,1,1,1,1
734,2,81,1,2,1,2,2,2,2,2,2,1,2,2,1
735,2,51,1,1,0,1,1,1,2,1,1,1,1,1,2
736,3,81,2,2,2,2,2,2,2,1,2,2,1,1,2
737,3,0,2,2,2,2,2,1,2,1,2,1,1,1,1
738,3,67,1,1,1,1,1,2,1,1,1,0,1,0,1
739,2,71,0,2,1,2,2,2,2,2,2,2,1,2,1
740,2,0,2,2,2,1,2,2,2,2,2,1,1,1,1
741,3,11,2,2,2,2,1,1,2,1,1,1,1,0,1
742,4,51,1,1,1,1,2,1,2,1,2,2,2,2,1
743,3,79,2,2,2,2,2,2,2,1,1,1,1,1,1
744,2,47,1,1,1,1,1,1,1,0,1,1,1,1,1
745,3,104,1,2,1,2,2,2,2,2,2,2,2,2,2
746,3,96,2,2,2,2,2,2,2,2,2,2,2,1,2
747,3,154,2,1,1,2,2,2,1,2,1,2,2,1,2
748,2,66,2,2,2,2,2,2,2,2,2,2,2,2,1
749,4,78,2,2,2,2,1,1,1,2,2,2,2,1,2
750,2,85,1,2,1,2,1,2,1,2,1,1,1,1,1
751,3,0,2,1,2,1,2,2,2,1,2,2,2,2,1
752,3,1,1,2,1,2,1,1,1,1,1,1,2,1,1
753,2,96,2,2,1,2,2,2,1,1,2,2,1,1,1
754,4,60,2,2,2,2,2,1,1,1,1,1,2,2,2
755,3,44,2,2,1,2,2,2,1,1,2,2,2,2,2
756,3,50,2,2,2,2,2,2,2,2,2,1,2,2,2
757,3,0,2,2,2,2,2,1,2,1,2,2,1,2,2
758,2,32,1,2,2,2,2,1,1,1,2,2,1,0,0
759,4,88,1,1,2,2,1,2,2,2,2,2,2,2,2
760,2,18,2,2,2,2,2,2,2,2,2,2,2,2,1
761,2,80,1,2,1,1,1,1,1,1,1,1,1,0,0
762,3,99,1,2,1,2,2,2,2,2,2,2,1,2,1
763,2,82,2,2,1,1,2,2,1,2,2,1,1,1,1
764,3,41,2,1,2,1,1,1,2,2,1,2,1,1,1
765,2,94,1,2,0,2,0,1,2,2,2,2,1,2,2
766,3,29,2,1,2,1,2,2,2,1,1,2,1,1,1
767,4,10,1,2,2,2,1,2,2,2,2,2,2,2,2
768,2,49,2,2,1,2,2,2,1,1,1,1,1,1,1
769,1,0,0,1,1,0,0,0,1,0,0,0,1,0,0
770,3,88,0,2,1,2,1,2,1,2,1,1,2,2,2
771,2,75,2,2,1,2,2,2,2,2,2,2,2,1,2
772,3,2,1,1,1,2,1,1,1,1,1,1,0,1,0
773,2,0,1,1,0,1,1,1,1,1,1,1,1,1,0
774,3,131,1,2,2,2,1,1,2,1,1,1,1,2,2
775,2,68,1,2,1,1,1,1,2,2,1,2,2,2,2
776,4,21,1,2,2,2,2,2,2,2,2,2,2,2,2
777,3,0,0,1,1,2,2,2,2,2,2,2,1,1,1
778,3,4,1,2,2,2,2,2,2,1,2,2,2,2,2
779,2,27,1,2,1,1,1,1,1,2,1,2,1,1,1
780,2,125,0,1,0,0,0,1,1,1,1,1,0,1,1
781,3,93,2,1,2,2,2,1,2,1,2,2,2,2,2
782,3,44,2,2,2,2,2,2,2,2,1,2,1,2,1
783,4,64,1,1,1,1,1,1,1,1,1,1,0,1,0
784,3,59,2,2,2,2,2,2,1,2,1,1,1,2,2
785,3,59,1,2,2,2,2,2,2,2,2,2,2,1,2
786,3,0,2,1,1,1,1,1,1,1,1,1,2,2,1
787,1,78,2,1,1,1,1,1,1,1,1,1,0,0,1
788,2,71,1,1,1,1,1,2,2,1,2,1,1,1,1
789,3,0,1,2,2,2,2,2,2,2,2,0,1,1,1
790,4,79,1,2,1,2,2,2,2,2,2,1,2,2,1
791,2,42,1,2,1,2,2,1,1,1,1,0,1,1,1
792,4,121,2,2,2,2,2,2,2,2,2,2,1,2,2
793,2,83,0,2,2,2,1,2,1,1,1,0,1,1,2
794,3,33,2,1,1,2,1,2,2,1,1,2,2,1,1
795,2,0,2,2,2,1,1,2,1,0,2,1,2,1,2
796,3,0,2,2,2,2,2,2,1,2,2,2,2,2,2
797,4,140,1,1,1,2,2,2,2,1,1,2,1,1,2
798,2,105,1,1,0,2,2,2,2,2,1,1,1,2,1
799,2,10,1,1,1,1,1,1,1,1,2,2,1,1,1
800,2,15,0,1,2,2,2,2,1,2,2,1,2,1,2
801,2,47,2,1,0,2,1,1,1,1,1,2,1,1,1
802,4,131,1,2,1,2,2,2,2,1,2,2,2,2,2
803,4,0,1,1,2,2,1,1,1,1,1,1,1,2,1
804,3,56,1,1,1,1,2,1,2,1,1,1,1,1,0
805,2,84,2,1,1,2,2,2,1,1,2,1,0,1,0
806,3,0,1,2,2,1,2,2,2,2,2,1,2,2,2
807,3,10,1,1,1,0,1,1,1,0,1,0,0,1,1
808,3,112,2,2,2,2,2,2,2,2,2,2,2,2,1
809,2,56,1,1,1,2,2,2,2,1,1,1,2,2,2
810,2,52,2,1,2,1,1,1,1,1,1,1,1,1,1
811,3,80,0,2,0,2,1,2,1,1,1,1,1,1,1
812,2,13,2,1,0,2,1,1,2,1,2,1,1,0,1
813,3,75,1,2,0,1,1,2,2,1,1,2,1,2,1
814,2,152,1,1,1,1,1,2,2,2,1,2,2,1,1
815,2,56,1,1,0,1,1,2,1,2,2,2,2,2,2
816,3,15,2,2,2,2,2,2,2,2,1,2,2,1,1
817,4,20,2,2,2,2,2,2,2,2,2,2,2,2,1
818,2,85,1,1,1,1,1,1,1,1,1,1,1,1,1
819,2,40,2,2,2,1,1,1,1,1,1,1,1,1,1
820,3,218,2,2,1,2,2,2,2,2,2,2,2,2,2
821,2,28,1,1,0,1,2,1,1,1,1,1,0,0,1
822,3,34,0,1,1,1,2,2,2,2,1,1,1,1,2
823,3,75,2,1,2,2,1,2,2,2,2,2,1,1,2
824,3,8,2,1,1,1,1,1,1,1,1,1,1,1,0
825,3,108,2,2,2,2,2,2,1,2,1,2,2,2,2
826,2,29,2,1,1,1,1,1,1,1,1,1,1,1,1
827,2,0,1,1,2,2,1,2,1,1,1,1,1,1,1
828,3,84,2,1,0,1,2,1,1,0,1,1,0,1,1
829,4,111,2,2,2,2,2,2,2,2,2,2,2,2,2
830,3,48,1,2,2,2,1,2,1,2,2,2,2,2,1
831,4,41,2,2,2,2,2,2,2,1,1,2,2,1,1
832,2,160,2,1,1,2,2,1,1,1,2,1,1,1,1
833,3,83,2,2,1,2,1,2,2,2,2,2,1,1,1
834,3,77,2,2,1,1,1,1,2,2,1,2,2,2,1
835,4,34,2,2,2,2,2,2,2,2,2,2,2,2,2
836,3,37,2,2,2,1,1,2,1,2,1,1,1,1,1
837,3,24,2,2,2,2,2,2,1,2,1,2,1,1,1
838,3,38,2,2,1,2,2,2,2,1,2,1,1,0,1
839,4,58,1,2,2,2,2,1,1,2,2,1,2,2,2
840,2,75,2,1,1,0,1,2,2,1,1,1,1,1,1
841,3,91,2,1,1,1,1,1,2,1,1,1,2,0,2
842,3,10,2,1,1,1,2,2,1,2,1,1,2,1,1
843,4,120,1,1,2,2,1,1,2,2,0,1,2,2,2
844,3,53,1,1,1,2,1,2,1,2,1,1,1,2,1
845,2,56,1,1,0,0,1,1,1,1,1,1,1,1,1
846,4,48,1,2,1,2,1,2,1,2,1,1,1,2,1
847,3,109,1,1,1,2,2,2,2,1,2,2,1,1,1
848,2,88,2,2,0,2,2,2,1,2,2,1,2,1,1
849,4,8,2,2,2,2,2,2,2,2,2,2,2,2,2
850,3,36,1,2,2,2,1,1,1,1,2,2,1,1,2
851,2,151,1,2,0,1,2,2,2,1,1,1,1,1,0
852,3,91,2,2,1,2,2,2,2,2,2,2,2,2,2
853,3,34,2,2,2,2,2,2,2,1,2,2,1,2,1
854,2,53,2,2,2,1,1,1,1,2,1,2,2,1,1
855,3,57,0,1,1,1,1,1,1,1,1,1,2,1,1
856,3,134,1,1,1,2,1,2,2,1,2,2,2,2,1
857,1,72,2,1,1,1,1,1,1,0,1,1,0,1,0
858,3,56,2,2,1,1,2,2,2,2,2,2,2,2,2
859,4,95,2,2,2,2,2,2,2,2,2,2,2,2,2
860,3,50,2,2,2,2,2,2,2,2,2,2,2,2,1
861,3,43,1,2,1,2,1,1,2,1,1,1,2,1,1
862,2,2,1,2,1,1,1,1,1,0,1,1,1,1,1
863,3,63,1,1,2,2,1,2,2,2,2,2,2,1,1
864,3,23,2,2,2,2,2,2,2,2,1,2,1,2,1
865,2,81,2,1,1,1,1,1,1,2,2,1,1,1,1
866,3,62,1,2,2,2,1,2,2,2,2,2,2,2,1
867,2,21,1,1,1,1,0,1,1,2,1,2,0,1,1
868,2,124,1,0,1,1,2,1,1,1,1,0,1,1,1
869,1,27,1,1,1,1,1,1,2,1,1,1,1,1,1
870,2,60,2,2,2,2,2,1,1,1,1,1,1,1,1
871,2,71,1,1,2,2,1,2,1,0,0,1,1,0,1
872,3,80,2,1,2,2,2,1,1,1,1,2,2,1,1
873,2,65,1,1,1,1,1,1,1,1,1,0,2,1,0
874,2,96,0,1,0,2,1,2,2,2,2,2,2,1,1
875,3,142,1,1,1,1,1,2,1,2,2,2,1,2,1
876,3,124,2,2,1,2,0,2,2,1,1,1,0,1,0
877,4,92,2,2,2,2,2,2,2,2,2,2,2,2,2
878,3,0,1,1,1,1,2,2,1,2,1,1,1,2,2
879,3,95,2,2,1,1,1,1,2,1,1,1,0,0,0
880,3,77,1,2,1,2,2,2,2,2,2,2,2,1,2
881,3,64,2,2,1,2,2,1,2,1,2,2,1,2,2
882,2,168,1,1,1,1,2,1,1,1,1,1,1,0,1
883,3,95,1,2,1,2,2,1,1,1,1,1,1,1,1
884,3,8,2,2,2,2,1,2,2,1,2,2,2,2,2
885,3,94,2,2,2,2,2,2,2,2,2,1,2,2,1
886,3,73,1,1,1,2,2,2,2,2,2,1,2,2,2
887,1,37,1,1,1,2,2,1,2,1,1,1,2,2,1
888,3,0,1,2,1,2,2,2,2,2,2,1,1,2,1
889,4,94,1,1,2,2,1,1,2,1,2,1,1,1,1
890,2,33,1,2,2,2,2,2,2,1,2,2,1,1,2
891,3,20,1,2,2,2,1,1,1,1,1,2,1,2,0
892,4,0,1,2,1,2,2,2,2,2,2,2,2,2,1
893,1,44,1,2,1,2,1,2,2,2,2,2,1,1,1
894,2,51,1,1,1,2,1,1,2,1,1,1,2,1,1
895,2,137,2,2,2,2,2,2,2,2,2,1,1,2,2
896,3,27,1,1,2,1,1,1,2,2,1,1,2,1,2
897,3,123,1,2,2,2,1,1,2,1,1,1,1,1,1
898,3,79,1,2,1,2,2,1,2,2,1,1,2,2,2
899,4,125,1,2,2,2,2,2,2,2,2,2,2,2,2
900,2,49,1,1,1,1,1,1,1,1,1,0,0,1,1
901,3,84,1,1,2,2,1,1,2,2,2,1,1,2,2
902,3,75,2,2,1,2,1,1,2,1,2,2,2,2,2
903,2,77,1,1,2,1,2,2,1,1,1,1,1,2,1
904,3,63,2,2,2,2,2,2,2,2,1,1,1,1,1
905,2,0,1,1,1,1,1,1,1,1,1,2,1,2,0
906,3,102,2,2,1,2,2,2,2,2,2,1,2,2,1
907,2,29,1,1,0,2,0,1,1,1,1,1,1,1,1
908,3,72,1,1,1,2,2,2,2,2,2,2,2,2,1
909,3,0,2,2,2,2,2,2,2,2,2,2,2,2,2
910,2,116,1,1,1,2,2,2,2,1,2,2,2,2,0
911,3,61,1,1,1,1,1,2,2,1,1,1,1,1,2
912,2,0,1,0,0,0,1,1,1,1,1,1,1,1,1
913,4,16,2,2,2,2,2,2,2,2,2,2,2,2,2
914,3,38,1,2,2,2,2,2,2,1,2,1,1,2,1
915,3,72,1,2,1,2,2,1,1,1,1,2,1,2,1
916,2,69,1,2,2,1,1,2,2,2,2,1,2,1,1
917,3,33,1,1,0,2,1,1,2,1,1,1,1,2,2
918,3,45,1,1,1,2,1,2,2,1,1,1,1,1,2
919,2,79,2,2,1,2,2,2,2,2,2,1,2,2,0
920,2,21,0,1,1,1,1,1,2,1,1,1,1,1,0
921,4,75,2,2,2,2,2,2,2,2,2,2,2,1,1
922,3,84,1,2,2,2,1,1,2,1,1,1,1,2,1
923,3,28,1,2,1,2,2,1,1,1,1,2,1,1,1
924,3,172,1,2,1,1,1,2,2,2,2,2,2,1,2
925,4,84,2,2,2,2,2,2,2,2,2,2,2,2,2
926,3,187,1,1,1,1,2,2,1,2,2,1,2,1,1
927,3,119,1,0,1,1,1,1,2,1,1,1,1,2,1
928,3,68,2,2,1,2,1,2,1,1,2,2,2,1,1
929,3,82,1,2,2,2,2,2,2,2,1,1,2,1,2
930,4,76,2,2,2,2,2,2,2,2,2,1,2,2,2
931,3,33,1,1,1,2,1,1,1,2,1,1,1,1,1
932,3,0,2,2,2,1,2,1,1,1,2,2,2,2,2
933,2,23,1,2,1,1,1,2,2,2,2,2,1,2,1
934,3,45,2,2,2,2,1,1,1,1,2,2,1,1,0
935,3,71,2,1,1,2,1,2,2,1,2,2,2,1,1
936,2,14,1,1,2,1,1,2,2,2,1,1,2,1,1
937,2,92,2,1,0,1,0,1,2,1,1,1,1,2,0
938,2,54,1,1,1,1,1,1,1,1,1,2,2,1,0
939,3,35,2,1,1,2,2,1,2,1,2,2,2,2,1
940,3,52,1,1,1,1,1,2,1,2,1,2,2,1,1
941,2,61,1,1,2,1,1,1,2,1,2,1,1,1,0
942,3,30,2,2,2,2,2,2,2,2,2,1,1,1,1
943,2,82,2,2,2,2,2,1,2,1,1,1,1,2,2
944,3,73,1,1,2,1,2,2,1,1,1,1,1,1,2
945,4,128,2,1,2,2,2,2,2,2,2,1,2,2,2
946,2,52,1,1,2,2,2,2,1,2,1,1,1,2,2
947,4,71,2,2,2,2,2,2,2,2,2,2,2,2,2
948,3,60,1,1,0,1,1,2,1,1,2,1,2,1,1
949,3,26,1,1,1,1,1,1,1,1,2,1,1,2,1
950,2,60,1,2,1,1,2,1,2,1,1,1,1,1,1
951,2,59,1,1,1,1,2,2,2,1,2,2,2,1,1
952,3,3,1,1,2,1,2,2,2,2,2,2,2,2,2
953,3,0,2,2,1,1,1,1,1,1,1,1,1,1,0
954,4,16,1,2,2,2,2,1,2,2,2,2,1,2,2
955,3,60,1,2,2,1,2,1,2,2,2,2,2,2,2
956,4,67,2,2,2,2,2,2,2,2,2,2,1,1,0
957,3,94,2,2,2,2,2,2,2,1,1,1,2,2,2
958,3,53,2,1,0,2,1,1,1,2,2,2,1,1,1
959,3,54,2,2,2,2,2,2,2,2,2,1,2,1,2
960,3,39,1,1,0,1,1,2,1,2,2,1,2,2,1
961,4,36,2,2,1,1,1,2,1,2,1,2,2,2,2
962,3,59,1,2,1,2,2,2,2,2,2,2,2,1,2
963,3,98,2,2,2,2,2,2,2,2,2,2,2,2,1
964,3,103,2,1,1,2,2,2,2,2,2,2,2,2,1
965,2,41,2,2,2,2,2,2,2,2,2,2,2,2,2
966,4,21,2,2,2,2,2,2,2,2,2,2,2,2,1
967,2,33,1,2,1,1,2,1,2,1,2,1,1,1,2
968,2,15,2,2,2,1,2,2,2,1,2,1,1,1,1
969,2,75,1,1,0,1,1,2,2,1,1,2,2,2,1
970,3,60,1,2,1,1,2,2,2,2,2,1,2,2,2
971,4,31,1,2,1,2,1,2,1,1,2,2,2,2,1
972,2,116,1,1,1,1,1,1,1,1,1,2,1,2,1
973,4,78,2,2,2,2,2,2,2,2,2,2,1,2,1
974,2,54,1,1,2,2,2,2,1,2,1,2,2,1,2
975,2,73,1,1,2,1,1,2,1,1,1,1,1,0,1
976,4,66,1,2,1,2,2,2,1,2,2,2,2,2,1
977,2,57,1,2,2,2,2,1,2,1,2,2,1,1,1
978,2,0,1,2,2,2,2,1,2,1,1,1,2,1,1
979,2,42,2,2,1,2,2,2,2,2,1,2,2,1,1
980,2,54,2,2,2,2,2,2,2,2,2,2,1,1,1
981,3,78,2,1,1,1,1,2,2,1,2,2,1,2,2
982,3,67,2,2,1,2,1,2,2,2,2,2,2,2,2
983,2,98,1,1,1,1,1,1,2,1,1,2,1,1,2
984,0,32,0,1,1,1,1,0,1,1,1,0,1,0,0
985,4,104,1,2,2,2,2,2,2,2,2,2,2,2,2
986,2,70,2,1,2,2,1,2,2,1,2,1,1,1,1
987,4,91,1,2,2,2,2,2,2,2,2,2,2,2,2
988,2,105,2,1,1,1,1,2,0,1,1,2,2,1,1
989,4,45,2,2,2,2,2,2,2,2,2,2,2,2,2
990,2,114,1,2,1,2,0,1,1,2,2,2,1,0,1
991,3,116,1,1,1,1,2,2,2,1,2,2,1,1,2
992,4,157,1,2,2,2,2,1,2,2,2,2,1,2,1
993,2,0,1,2,2,2,2,1,1,1,2,1,1,2,2
994,2,56,1,1,1,2,2,1,1,0,1,1,0,1,1
995,2,51,1,2,2,2,1,2,1,1,1,2,1,2,1
996,3,62,2,1,1,1,1,1,2,0,1,1,1,0,1
997,4,125,2,1,2,1,1,2,2,2,2,1,2,1,2
998,2,0,1,0,0,1,1,2,1,1,1,1,1,1,0
999,4,61,1,2,2,2,2,2,2,2,2,1,2,1,1
1000,2,52,2,2,2,2,2,1,2,1,1,2,1,2,1
1001,3,0,1,2,1,2,1,2,2,1,1,2,2,1,2
1002,1,0,1,1,1,1,1,1,1,0,0,1,1,1,0
1003,3,3,2,1,1,2,2,1,2,1,2,1,1,1,1
1004,3,54,2,2,2,2,2,2,2,2,2,2,1,2,2
1005,4,22,2,1,1,2,1,1,2,2,2,1,2,2,1
1006,3,110,1,2,1,2,1,2,2,2,1,1,1,1,0
1007,3,94,2,1,2,2,1,1,1,1,1,1,1,2,2
1008,3,104,2,2,2,2,2,1,2,2,1,2,1,1,1
1009,1,9,1,1,0,0,1,1,2,2,2,2,2,2,2
1010,3,123,2,2,1,2,1,1,2,1,2,2,1,1,0
1011,3,0,2,2,2,1,1,2,2,2,2,2,1,1,2
1012,2,13,1,1,1,1,1,1,1,1,1,2,1,1,1
1013,3,0,1,2,1,2,2,2,2,2,2,2,1,2,2
1014,3,38,1,2,2,2,2,2,2,2,2,2,1,1,2
1015,3,0,1,1,1,2,1,1,1,1,2,2,1,1,1
1016,3,25,2,2,1,2,2,2,2,1,2,1,1,2,2
1017,3,31,2,2,2,2,1,2,2,2,2,1,2,2,1
1018,3,70,2,2,2,2,2,1,2,2,2,2,2,2,2
1019,3,39,2,2,2,2,2,2,2,2,2,2,1,1,1
1020,3,5,2,2,1,2,2,1,1,2,2,1,1,2,1
1021,4,83,2,2,1,2,2,1,2,2,2,2,2,1,2
1022,1,106,0,1,1,1,1,1,2,1,2,2,1,2,2
1023,3,27,2,1,1,2,2,1,1,1,1,1,1,1,1
1024,3,87,0,0,2,1,1,1,1,2,1,2,1,1,1
1025,4,43,1,1,1,2,1,2,2,1,2,1,2,1,2
1026,2,19,2,1,1,2,1,2,2,2,1,2,2,2,2
1027,2,0,1,1,1,1,1,1,1,1,1,1,1,2,2
1028,4,50,2,2,2,2,2,2,2,2,2,2,2,1,1
1029,2,55,2,1,1,2,2,1,1,2,1,1,1,2,1
1030,4,71,2,2,2,2,2,2,2,2,2,2,2,2,2
1031,1,59,2,1,1,1,1,1,1,1,1,0,2,1,0
1032,2,66,1,2,1,2,2,1,1,1,1,2,2,1,2
1033,2,0,0,1,1,1,1,1,1,1,1,0,0,1,1
1034,3,88,2,2,2,2,2,2,2,2,2,2,2,1,2
1035,1,55,1,1,0,1,1,1,1,1,0,0,1,0,0
1036,2,63,2,2,1,1,1,2,2,1,1,2,0,1,0
1037,3,0,1,2,2,2,2,2,1,1,2,1,2,2,1
1038,3,22,1,2,1,2,1,2,2,2,2,2,2,2,1
1039,3,34,2,2,1,2,2,2,2,1,2,2,2,2,2
1040,3,0,1,2,1,2,2,1,2,2,2,2,2,2,1
1041,3,25,2,1,1,1,1,2,1,1,1,1,1,2,1
1042,3,0,2,2,1,1,2,2,2,2,2,1,1,2,2
1043,3,45,1,2,2,2,1,2,1,2,1,1,0,1,1
1044,2,56,2,1,2,2,1,1,1,1,1,1,2,1,1
1045,3,128,2,2,2,2,1,1,1,1,1,0,1,2,1
1046,3,59,1,1,1,1,1,2,2,1,1,2,1,2,1
1047,2,31,0,1,0,1,0,1,1,1,1,1,1,1,1
1048,4,96,2,2,2,2,2,2,2,2,2,1,1,2,2
1049,3,174,1,2,1,2,1,2,2,2,2,2,1,2,1
1050,3,29,1,1,1,1,1,2,1,2,2,1,1,1,1
1051,4,95,1,1,1,2,2,2,2,2,1,2,1,1,2
1052,3,45,1,2,1,2,1,2,2,2,2,2,1,1,1
1053,2,46,1,1,1,1,1,2,1,1,2,1,2,2,1
1054,2,77,2,2,2,2,2,2,2,1,2,2,2,1,1
1055,2,0,1,2,2,2,1,1,2,1,1,2,0,0,1
1056,4,41,1,1,2,2,2,2,1,2,2,1,1,2,2
1057,2,58,1,1,1,1,1,0,1,2,1,1,1,1,1
1058,4,0,2,2,2,2,2,2,2,1,2,2,2,2,2
1059,2,55,2,1,2,1,1,1,1,1,1,1,1,1,1
1060,3,85,1,1,2,2,1,1,1,1,1,1,2,1,1
1061,3,60,2,2,1,2,2,1,2,1,2,2,1,1,1
1062,2,0,2,2,1,2,1,2,2,2,1,1,2,1,2
1063,3,30,1,1,1,2,1,1,2,2,1,2,1,1,1
1064,3,4,2,2,2,2,2,2,2,2,2,2,1,1,1
1065,4,42,2,2,1,1,2,2,2,2,2,2,2,2,2
1066,2,17,2,2,1,2,2,1,2,1,1,2,2,2,1
1067,3,65,2,2,1,2,1,1,2,2,1,1,1,1,2
1068,3,94,2,2,2,2,2,1,1,2,2,2,1,1,2
1069,3,18,2,2,1,1,2,1,1,1,2,2,1,1,1
1070,3,66,2,2,2,2,2,2,2,2,2,2,2,2,2
1071,4,31,2,2,1,2,1,2,2,2,2,1,2,2,2
1072,2,0,2,1,0,1,1,1,1,1,1,1,1,1,1
1073,3,0,2,2,1,2,2,2,1,1,1,1,1,1,1
1074,3,81,1,1,1,2,2,1,1,1,1,1,1,1,1
1075,3,56,2,1,2,1,2,2,1,1,2,1,1,0,1
1076,1,69,1,1,1,0,2,1,1,2,1,1,1,1,1
1077,2,47,2,1,1,1,1,1,1,0,1,1,0,1,1
1078,3,4,2,2,1,2,1,2,2,1,1,2,1,1,1
1079,4,54,1,2,2,2,2,2,2,2,2,2,2,2,2
1080,4,102,2,2,1,2,2,2,2,2,2,2,1,1,1
1081,3,26,1,2,0,1,2,1,1,1,1,2,2,2,1
1082,4,36,2,2,2,2,2,2,2,2,2,2,2,2,2
1083,3,166,1,2,2,2,2,2,1,2,2,2,1,2,1
1084,3,46,2,2,1,2,2,1,2,2,1,2,1,1,2
1085,2,86,2,2,2,2,2,1,1,1,2,2,1,1,0
1086,3,80,2,2,2,2,2,2,2,2,1,2,2,2,2
1087,3,23,1,1,1,1,1,1,1,1,1,2,2,1,1
1088,2,110,2,1,1,2,2,2,2,2,2,1,2,2,2
1089,2,22,2,1,0,1,2,2,2,1,1,2,1,1,1
1090,4,43,2,2,2,2,1,2,2,2,2,2,2,2,2
1091,3,91,1,1,1,2,2,1,2,2,1,2,2,1,1
1092,4,10,2,2,2,2,1,2,1,2,2,1,2,2,1
1093,3,93,2,1,1,1,1,1,1,1,1,1,1,1,1
1094,2,11,1,2,1,2,2,1,2,2,2,1,2,2,1
1095,3,165,1,2,1,2,2,2,1,2,2,1,1,1,1
1096,2,9,1,1,0,1,1,1,1,2,1,1,1,0,1
1097,4,15,1,1,2,2,2,1,1,1,1,1,1,2,1
1098,3,133,2,2,1,2,1,1,2,1,2,2,1,2,1
1099,3,0,1,1,2,1,2,2,2,2,2,1,2,2,2
1100,3,42,1,1,1,1,2,1,1,2,2,0,1,1,1
1101,4,37,1,2,1,2,2,2,1,2,2,2,2,1,2
1102,2,49,1,1,1,1,1,2,2,1,1,1,1,1,1
1103,3,43,2,2,2,2,2,2,2,2,2,2,2,2,1
1104,3,79,1,1,2,1,1,1,0,1,1,1,1,0,2
1105,2,57,1,1,1,1,2,1,1,1,1,2,1,1,0
1106,4,148,2,1,1,2,1,2,2,2,2,1,2,1,2
1107,2,0,1,1,1,1,1,1,1,1,1,1,1,1,1
1108,3,28,1,1,2,2,1,1,1,2,2,2,1,2,2
1109,3,61,2,2,2,2,2,2,2,2,2,1,2,2,2
1110,2,80,2,1,2,2,2,1,1,1,1,2,0,1,2
1111,3,63,2,2,1,1,1,2,2,1,1,0,1,1,1
1112,3,52,2,2,2,2,1,1,2,2,1,2,1,1,2
1113,1,64,1,1,1,0,1,1,1,1,1,0,1,1,1
1114,3,47,2,1,2,2,2,1,2,1,1,2,2,1,1
1115,3,0,1,2,2,2,2,2,2,2,2,2,2,1,2
1116,4,55,1,2,2,2,2,2,2,1,2,0,2,1,2
1117,3,54,1,2,1,1,1,1,1,2,1,1,1,2,1
1118,4,44,2,1,2,2,0,1,2,1,2,1,1,1,2
1119,3,84,2,2,2,2,2,1,2,1,1,2,1,1,1
1120,2,48,0,2,1,1,1,1,1,1,1,1,1,0,1
1121,4,119,1,2,2,2,2,2,2,2,2,2,2,2,2
1122,4,89,2,2,1,2,2,1,1,1,1,1,2,2,1
1123,3,24,1,2,1,2,2,2,2,2,2,2,2,2,2
1124,2,33,1,2,0,1,2,1,2,1,1,2,1,1,1
1125,3,81,1,2,1,2,2,1,0,1,2,2,1,1,1
1126,3,25,1,2,1,2,1,2,2,2,2,1,1,1,1
1127,3,111,1,2,2,2,2,2,1,2,2,2,2,2,2
1128,1,16,1,1,1,1,1,2,1,1,1,1,1,1,1
1129,2,135,1,1,1,1,1,1,1,1,1,1,1,2,1
1130,2,32,1,1,1,2,2,2,1,1,2,1,2,1,1
1131,4,111,2,2,1,2,2,2,2,2,2,1,1,1,2
1132,4,99,2,2,1,2,2,2,2,2,2,2,2,2,2
1133,2,94,2,2,1,2,2,1,2,1,2,1,0,1,0
1134,2,40,2,2,2,2,2,2,2,1,2,2,1,2,1
1135,1,78,1,2,1,2,2,1,1,1,1,1,1,1,1
1136,2,42,2,2,2,1,1,1,1,1,1,2,1,1,1
1137,4,34,1,2,2,2,2,2,2,2,1,2,2,2,2
1138,2,88,2,2,2,2,1,2,2,2,1,1,1,1,1
1139,4,27,1,2,2,2,2,2,2,2,2,1,1,2,1
1140,3,40,1,1,1,1,1,2,2,2,2,1,2,1,2
1141,3,0,1,2,1,2,1,2,2,2,2,0,1,2,2
1142,3,114,2,1,2,2,2,1,1,1,2,2,1,2,2
1143,1,114,1,1,0,1,1,1,1,1,0,1,1,0,0
1144,3,48,1,1,1,2,2,1,1,1,1,1,1,1,1
1145,3,26,1,2,2,2,1,2,2,2,1,2,1,1,1
1146,4,54,2,2,2,2,2,2,2,2,2,2,2,2,1
1147,2,76,1,2,0,2,1,1,1,1,1,1,1,1,1
1148,3,74,2,2,1,2,2,1,2,1,2,2,1,1,2
1149,2,84,1,2,2,1,2,2,2,2,2,2,2,1,1
1150,2,107,2,2,1,2,2,1,1,1,2,2,1,2,1
1151,4,108,2,2,2,2,2,2,2,2,2,2,1,2,1
1152,4,132,2,2,2,2,2,2,2,2,2,2,1,1,1
1153,1,84,0,1,1,2,1,2,1,1,2,1,1,1,1
1154,3,33,1,2,1,2,1,2,2,1,2,1,2,2,1
1155,2,38,1,1,2,1,2,1,2,2,1,2,1,1,1
1156,4,72,2,1,1,2,2,2,2,2,2,1,1,2,2
1157,2,5,1,1,2,2,2,2,2,2,2,2,1,1,1
1158,2,101,0,0,1,1,1,1,1,1,1,1,0,1,0
1159,3,19,0,1,1,1,1,2,1,1,2,2,2,1,1
1160,4,27,2,2,2,2,2,2,2,2,2,2,2,2,2
1161,2,69,1,2,2,1,1,1,1,2,1,1,1,2,2
1162,3,58,1,2,1,1,2,2,2,2,2,2,1,2,2
1163,1,72,1,2,1,1,2,1,1,2,1,1,1,1,1
1164,3,60,2,2,2,2,2,2,2,2,2,2,1,1,2
1165,4,123,1,2,2,2,2,2,2,2,2,2,2,2,2
1166,3,68,2,2,1,2,2,2,2,2,2,2,2,2,2
1167,3,0,1,1,1,2,1,1,2,1,1,2,2,2,2
1168,3,73,2,2,2,2,2,2,1,2,1,2,1,2,2
1169,2,27,2,2,1,1,1,2,1,2,2,1,2,2,1
1170,3,111,2,1,1,2,2,2,1,1,1,1,1,0,0
1171,2,82,1,1,1,1,1,2,1,2,2,2,1,1,1
1172,2,111,2,2,1,1,1,2,1,2,2,2,1,1,1
1173,3,29,2,1,2,2,1,2,2,2,2,2,2,2,2
1174,3,118,1,2,2,2,2,2,2,2,2,1,2,2,2
1175,4,165,2,2,2,2,2,2,2,2,2,2,2,2,2
1176,3,0,2,1,2,1,2,2,2,1,2,2,2,2,2
1177,3,120,1,2,1,2,1,1,1,1,1,1,1,2,1
1178,2,43,1,1,1,1,2,1,1,1,1,1,1,1,0
1179,3,112,2,2,2,1,1,2,1,1,2,2,2,1,1
1180,3,86,1,1,1,1,1,1,2,1,2,2,2,0,1
1181,3,99,2,2,2,2,2,2,2,2,2,2,2,2,2
1182,3,15,2,1,1,2,2,1,1,2,2,1,1,1,1
1183,4,0,1,2,1,2,1,2,2,2,1,2,1,1,1
1184,4,57,2,2,2,2,2,2,2,2,2,2,2,2,2
1185,3,80,2,2,2,2,1,2,2,2,1,2,2,2,1
1186,1,124,1,1,1,1,1,2,2,1,2,2,2,1,1
1187,2,17,1,1,1,2,1,2,1,2,1,2,2,2,1
1188,3,48,1,1,1,1,1,2,1,1,1,2,2,1,1
1189,2,64,1,2,2,1,2,1,1,1,1,1,1,1,0
1190,3,95,1,2,1,2,2,2,2,2,2,2,2,2,1
1191,2,58,1,1,1,1,2,1,2,1,1,2,2,1,1
1192,2,26,1,1,1,1,0,1,1,2,1,1,1,1,1
1193,3,30,2,2,1,2,2,1,2,2,2,2,1,1,2
1194,2,0,1,1,1,2,1,1,2,2,1,1,2,1,2
1195,3,0,2,2,1,2,2,2,2,2,2,2,2,2,1
1196,2,113,0,1,0,1,2,1,2,2,2,2,1,2,1
1197,3,11,1,2,1,1,2,2,2,2,2,2,1,2,2
1198,3,113,2,2,2,2,1,2,2,1,1,2,1,1,1
1199,2,17,1,1,1,1,1,2,1,1,1,2,1,0,1
1200,2,19,1,1,1,1,2,1,1,1,2,2,1,1,1
1201,2,51,1,1,1,2,2,2,2,1,2,1,2,2,1
1202,3,97,1,2,1,2,1,2,2,2,2,2,1,2,2
1203,3,72,1,2,1,1,1,1,1,1,2,1,1,2,1
1204,3,65,2,2,2,1,2,1,1,1,1,2,1,1,1
1205,3,87,2,1,1,1,0,1,1,1,0,1,1,2,2
1206,3,32,2,2,2,2,2,1,2,2,2,2,2,2,2
1207,3,51,1,1,1,1,1,2,2,2,2,2,2,1,2
1208,2,82,1,1,1,1,1,1,1,2,1,2,0,1,1
1209,3,29,2,2,1,2,2,2,2,2,2,2,2,2,2
1210,3,0,1,1,1,2,2,2,2,1,1,2,1,1,2
1211,3,88,2,2,2,2,2,1,1,1,1,2,2,2,2
1212,2,59,2,2,2,2,1,1,1,1,1,2,1,2,1
1213,2,0,1,1,1,2,1,2,1,1,2,1,2,2,1
1214,3,0,2,2,2,2,1,1,1,2,2,1,2,2,0
1215,2,11,2,2,2,2,1,1,1,1,2,1,1,1,1
1216,3,36,1,2,1,2,2,2,2,2,2,1,2,1,0
1217,3,51,1,2,1,2,2,1,2,1,1,2,1,0,0
1218,3,78,1,1,2,2,1,2,2,2,1,1,1,2,1
1219,3,48,1,1,1,1,1,2,2,1,1,1,1,2,2
1220,4,92,2,1,1,1,2,1,1,1,0,0,1,1,0
1221,3,84,1,1,1,1,1,1,1,1,1,1,1,1,1
1222,2,40,2,2,2,2,1,2,2,2,2,2,2,0,1
1223,3,42,2,2,1,1,1,2,2,1,1,1,1,0,1
1224,3,67,1,2,2,1,1,1,1,1,2,1,2,2,2
1225,3,10,2,2,2,2,1,2,2,2,2,2,2,2,2
1226,3,83,1,2,2,1,2,2,1,2,2,2,2,2,2
1227,2,19,1,2,1,1,2,1,2,1,2,2,1,1,1
1228,2,99,2,2,1,1,2,2,1,2,2,2,2,2,2
1229,2,35,1,1,1,1,1,2,2,2,1,1,2,1,1
1230,2,76,1,2,2,2,2,1,1,1,1,1,1,1,1
1231,3,79,1,1,1,2,1,2,1,2,1,1,2,1,2
1232,3,23,2,2,2,2,2,2,2,1,2,1,2,1,1
1233,2,120,1,2,1,1,2,1,1,1,1,1,1,1,2
1234,3,47,1,1,1,2,1,1,1,1,1,1,1,1,1
1235,3,66,2,2,1,1,1,1,1,1,1,1,1,1,1
1236,3,55,2,2,1,1,1,1,1,1,1,2,0,0,1
1237,3,88,2,1,1,2,2,2,2,2,2,1,2,1,1
1238,3,16,1,1,1,1,2,2,1,1,1,1,1,0,1
1239,3,69,2,2,1,2,1,1,2,1,2,1,1,1,1
1240,3,49,2,1,1,2,2,1,2,1,1,2,2,1,0
1241,3,92,1,1,1,2,1,0,1,1,1,1,1,1,2
1242,2,79,2,2,1,2,1,1,2,2,2,1,2,1,1
1243,2,0,2,1,1,1,2,1,1,2,2,1,2,1,1
1244,3,23,1,2,1,2,1,1,1,1,2,2,2,2,2
1245,3,53,2,2,2,2,2,2,2,2,2,2,2,2,2
1246,2,0,1,1,1,1,0,2,1,0,1,1,1,1,0
1247,4,35,2,2,2,2,2,1,1,2,2,1,2,2,1
1248,3,36,2,2,1,2,2,2,2,1,1,2,1,2,0
1249,4,0,2,2,2,2,2,2,2,2,2,2,2,2,2
1250,2,76,1,1,1,1,1,2,1,1,2,1,1,1,0
1251,4,78,1,1,2,2,1,1,1,1,2,1,1,2,1
1252,3,12,2,2,2,1,1,1,1,1,1,1,2,1,1
1253,3,99,1,2,2,2,1,2,2,2,2,2,2,2,1
1254,2,12,0,1,0,1,2,2,2,2,2,2,1,2,1
1255,3,44,1,1,2,2,2,2,2,2,2,1,2,1,1
1256,4,85,2,2,1,2,2,2,2,2,2,2,1,1,0
1257,4,168,2,2,2,2,2,2,1,2,2,1,2,1,2
1258,3,107,2,2,1,2,2,2,2,2,2,2,2,2,2
1259,3,92,2,2,2,2,2,2,2,2,2,2,2,2,2
1260,3,62,2,2,2,2,2,1,2,2,2,2,1,1,2
1261,4,0,2,2,2,2,2,2,2,2,2,2,2,2,2
1262,3,91,2,2,2,2,1,2,2,2,1,2,2,2,2
1263,1,81,2,2,2,2,1,2,2,1,2,2,1,1,2
1264,2,16,1,1,2,2,1,1,1,1,1,1,1,2,1
1265,3,79,1,2,1,2,2,1,1,1,1,1,1,1,1
1266,3,36,2,2,1,1,2,2,2,2,2,2,2,2,2
1267,4,0,2,2,2,2,2,2,2,2,2,2,2,2,2
1268,3,49,0,1,1,2,1,2,2,2,2,2,2,0,1
1269,2,105,1,1,1,1,1,1,1,1,1,1,1,2,0
1270,2,99,1,1,1,1,2,1,1,1,1,1,1,2,1
1271,3,0,1,1,2,1,1,2,2,1,2,2,2,2,2
1272,2,65,0,1,1,1,2,1,1,2,2,2,1,1,1
1273,3,0,1,2,2,2,2,2,2,2,2,1,2,2,2
1274,2,52,1,1,2,1,1,2,2,2,2,2,2,1,1
1275,4,94,2,1,1,2,1,2,2,2,2,2,1,1,1
1276,3,123,2,2,1,2,2,1,1,1,2,2,2,2,2
1277,3,6,2,2,2,1,2,2,2,2,2,2,2,2,2
1278,3,0,2,1,2,1,1,1,2,1,2,1,1,1,2
1279,3,52,1,1,1,1,1,2,1,1,2,2,2,1,1
1280,4,32,2,2,2,2,2,2,2,2,2,2,2,2,1
1281,3,51,2,2,0,2,2,1,1,2,2,1,1,1,2
1282,2,126,2,2,1,2,2,1,2,1,2,2,1,1,1
1283,2,23,2,2,2,2,2,2,2,1,2,1,2,2,2
1284,3,106,1,1,1,1,2,2,2,2,2,2,2,2,2
1285,3,33,1,1,0,1,1,1,1,1,1,1,1,1,1
1286,3,72,1,1,2,1,1,1,1,1,2,1,1,2,2
1287,2,90,2,2,2,2,2,2,2,1,2,2,1,2,1
1288,3,74,2,2,1,2,2,2,2,2,2,2,2,2,1
1289,4,49,2,2,2,2,2,2,2,1,2,2,2,1,2
1290,3,90,2,2,2,2,2,2,2,2,2,2,2,2,2
1291,3,19,2,2,2,2,1,1,1,1,1,1,1,1,1
1292,2,89,1,1,0,1,1,1,1,1,1,1,0,0,0
1293,3,0,1,2,2,1,1,1,1,1,1,0,1,2,1
1294,1,78,0,1,0,1,0,0,0,0,0,0,0,0,0
1295,4,54,2,1,1,1,2,2,2,2,2,2,2,1,1
1296,2,99,1,1,1,1,1,1,2,0,1,0,1,1,0
1297,3,60,1,1,1,1,1,2,2,2,2,2,2,1,1
1298,3,18,0,1,1,1,1,2,1,1,2,1,1,2,2
1299,3,60,1,1,1,2,1,1,1,1,2,2,1,2,1
1300,2,40,1,2,1,2,2,1,1,2,1,1,1,2,1
1301,4,55,2,2,2,2,1,2,2,2,2,2,2,2,1
1302,4,32,2,2,1,2,1,2,1,2,2,2,1,2,1
1303,3,109,2,2,2,2,2,1,2,1,1,1,1,1,0
1304,3,149,1,2,1,1,1,2,2,2,1,2,1,1,2
1305,2,135,2,2,2,2,1,1,2,2,2,1,2,2,2
1306,3,92,2,2,1,2,2,1,2,1,1,1,0,2,1
1307,2,97,2,1,1,2,1,2,2,1,2,1,1,0,1
1308,3,30,1,1,1,1,2,1,2,1,2,1,1,2,2
1309,2,141,1,2,1,1,2,1,1,0,1,1,1,1,0
1310,1,0,1,1,0,1,1,2,1,1,2,1,1,1,1
1311,3,140,1,2,1,1,2,1,1,1,0,1,1,2,1
1312,2,63,0,1,1,1,1,1,2,2,2,2,2,2,2
1313,3,67,1,2,1,2,1,2,2,2,2,2,1,2,1
1314,3,24,1,2,2,2,2,2,1,2,2,2,2,2,2
1315,4,5,2,2,2,1,1,2,1,2,2,2,1,1,1
1316,3,36,2,1,1,2,2,2,2,2,2,2,1,1,1
1317,3,80,1,1,1,1,2,1,1,1,1,1,1,1,1
1318,3,47,2,2,2,1,2,2,1,2,2,2,2,2,2
1319,3,38,1,1,2,2,1,1,2,1,1,2,2,2,1
1320,3,124,1,2,1,1,1,2,2,2,2,1,2,2,2
1321,3,47,2,2,2,2,2,2,2,2,2,2,2,2,2
1322,3,139,2,2,2,2,2,1,2,1,2,1,1,2,1
1323,3,103,2,2,1,2,1,1,1,1,1,1,1,2,1
1324,2,44,1,1,1,1,2,1,1,1,1,1,2,1,1
1325,4,122,2,2,2,1,2,2,1,1,2,1,2,2,1
1326,4,113,1,2,2,1,1,1,1,2,2,1,1,2,0
1327,2,89,2,2,1,1,2,1,1,2,1,2,2,2,2
1328,3,111,2,1,1,1,2,2,2,1,2,2,2,2,2
1329,3,83,2,2,1,2,2,2,2,2,2,2,2,1,1
1330,3,0,1,2,1,2,1,2,2,2,1,2,2,2,1
1331,3,78,2,1,1,1,2,2,1,1,1,1,1,1,1
1332,3,20,0,1,1,1,1,2,2,1,2,2,1,2,2
1333,2,0,1,1,1,1,1,1,2,1,2,2,2,1,1
1334,4,69,2,2,2,2,2,2,2,1,2,2,2,2,2
1335,3,0,1,2,1,1,1,1,1,1,1,2,1,1,1
1336,3,51,2,2,2,2,1,1,2,1,2,2,2,2,1
1337,2,8,2,1,1,1,0,2,1,1,2,1,2,2,2
1338,3,4,2,1,2,2,2,2,2,1,2,2,1,1,2
1339,4,93,2,2,2,2,2,2,2,2,2,2,2,2,2
1340,2,88,1,2,1,2,2,1,1,2,1,1,1,1,1
1341,3,32,2,2,1,2,1,2,2,2,2,1,1,1,1
1342,2,35,2,1,1,1,0,1,1,1,2,2,1,2,1
1343,0,28,1,1,0,0,1,0,1,0,1,1,0,1,1
1344,4,46,2,1,2,2,2,2,2,2,2,2,2,2,1
1345,3,28,2,1,2,2,2,2,2,2,2,2,1,1,1
1346,3,0,1,1,1,2,2,1,2,1,2,2,2,1,1
1347,3,108,2,2,2,2,1,2,2,2,2,2,1,2,1
1348,4,86,2,2,2,2,2,2,2,2,2,2,2,2,2
1349,2,0,1,2,2,1,2,2,1,2,1,2,1,1,1
1350,3,94,1,1,1,1,1,2,2,1,1,1,1,2,1
1351,2,25,2,2,0,1,1,2,2,1,2,1,2,1,1
1352,4,47,2,2,2,1,2,2,2,2,2,2,2,2,2
1353,4,55,1,1,1,1,2,2,2,1,2,1,2,1,1
1354,3,25,1,2,1,2,1,1,1,2,2,1,2,1,2
1355,2,48,2,1,1,1,1,1,2,1,1,2,1,1,1
1356,4,89,1,2,2,2,2,2,2,2,2,1,2,2,2
1357,3,92,1,2,2,2,2,2,2,2,2,1,1,1,1
1358,4,64,2,2,2,2,2,2,1,2,2,2,2,2,2
1359,3,31,2,1,1,2,2,1,2,2,1,2,2,2,2
1360,3,77,1,2,2,2,1,2,2,1,2,1,1,2,2
1361,3,107,1,1,2,2,1,1,1,1,1,1,1,1,1
1362,2,50,2,2,2,2,2,2,2,1,2,2,1,2,1
1363,2,73,2,2,2,2,1,2,2,2,2,2,2,2,2
1364,3,37,2,2,2,2,2,2,2,2,1,2,2,2,2
1365,3,34,2,2,2,2,2,2,2,1,2,2,2,2,2
1366,3,82,1,1,1,1,0,1,2,1,1,0,2,1,1
1367,3,0,2,2,2,2,2,2,2,1,1,2,1,2,1
1368,2,26,1,1,1,1,1,1,1,1,1,1,0,1,0
1369,3,100,1,1,1,1,1,1,1,1,1,1,1,1,1
1370,4,74,2,2,2,2,2,2,2,2,2,2,2,2,2
1371,2,108,1,1,0,2,1,2,2,1,1,1,1,1,1
1372,3,31,1,1,1,1,2,2,2,1,1,2,1,2,1
1373,1,97,1,1,1,1,1,1,2,1,1,1,2,1,1
1374,3,39,1,2,2,2,2,1,1,1,2,2,2,2,0
1375,3,81,2,2,2,2,2,2,2,2,2,2,2,2,2
1376,3,100,1,2,1,2,1,1,1,1,1,1,1,1,2
1377,3,0,2,2,2,1,2,2,2,2,2,1,1,1,2
1378,4,80,2,2,2,2,1,2,1,2,2,2,2,2,1
1379,2,90,2,2,1,1,1,1,1,1,1,1,1,2,1
1380,3,0,1,2,2,2,2,1,2,1,2,0,2,2,2
1381,2,8,1,1,1,2,1,1,0,2,1,1,1,2,1
1382,3,11,1,2,2,2,1,2,2,1,2,2,2,2,2
1383,3,69,1,2,1,2,2,1,1,1,2,2,1,2,2
1384,4,59,2,2,2,2,2,2,2,2,2,2,2,2,2
1385,4,0,2,2,2,2,2,2,2,2,2,2,2,2,2
1386,3,0,0,1,1,2,1,1,1,1,1,2,1,1,2
1387,2,54,1,2,2,1,2,2,2,2,2,2,2,1,1
1388,4,109,1,2,2,2,2,2,2,2,2,2,1,2,2
1389,2,129,1,1,0,1,2,1,1,1,1,1,2,1,1
1390,4,40,2,2,2,2,2,2,2,2,2,2,2,2,2
1391,4,83,2,2,2,2,2,2,2,1,1,1,1,1,1
1392,3,39,1,2,2,2,2,2,2,2,2,2,2,2,2
1393,3,52,1,1,0,1,1,1,1,1,2,2,1,2,0
1394,3,77,2,2,2,2,2,2,2,2,2,2,2,2,2
1395,4,0,2,2,1,2,1,2,2,2,2,2,2,2,2
1396,3,112,2,2,1,2,2,2,2,1,2,2,1,1,1
1397,2,49,1,1,0,1,1,1,1,1,1,1,1,0,1
1398,3,24,2,1,1,1,2,1,1,1,1,1,1,2,1
1399,3,95,2,2,2,2,2,2,2,2,2,1,2,0,1
1400,3,121,1,1,2,2,1,1,2,2,2,1,1,1,1
1401,2,0,2,1,2,1,2,1,1,1,1,1,1,2,1
1402,2,99,1,1,1,2,2,2,2,2,2,2,1,1,1
1403,3,111,2,2,2,2,2,2,1,1,1,1,1,1,1
1404,2,17,0,1,1,1,1,2,1,1,1,1,1,1,1
1405,3,100,1,1,1,1,1,1,1,0,0,1,2,0,1
1406,2,24,1,1,1,1,2,1,2,2,1,1,1,2,2
1407,2,46,1,1,1,2,2,2,1,1,2,1,1,1,0
1408,2,0,1,2,1,2,1,1,2,2,1,1,1,2,2
1409,1,82,0,0,0,1,1,0,1,1,0,0,0,1,1
1410,3,24,1,1,2,1,2,1,0,2,1,1,2,1,2
1411,3,0,1,2,1,1,1,1,2,1,2,2,1,1,0
1412,3,31,2,2,2,2,1,2,2,2,1,1,1,1,2
1413,2,29,2,2,1,2,2,2,2,2,2,2,2,2,0
1414,3,100,1,2,2,1,2,1,1,1,2,2,1,1,1
1415,3,0,2,2,2,2,2,2,1,1,2,1,1,1,2
1416,2,0,1,1,1,1,2,1,1,1,1,1,1,1,1
1417,2,22,2,1,1,2,1,2,1,2,1,2,1,2,1
1418,2,24,1,1,1,2,1,2,1,1,2,2,2,1,2
1419,2,8,1,1,1,1,1,1,1,1,0,2,1,1,0
1420,2,14,2,2,2,2,1,1,1,1,1,1,1,1,1
1421,3,38,2,2,1,1,1,2,2,1,1,1,2,1,1
1422,3,0,1,1,2,2,0,2,1,1,1,1,1,2,1
1423,2,19,1,2,2,2,2,2,2,2,2,2,1,1,2
1424,3,108,2,2,1,2,2,2,2,2,2,2,2,1,1
1425,3,61,2,2,2,2,2,1,2,1,2,1,2,2,2
1426,3,84,1,2,2,1,1,1,1,1,2,2,2,1,2
1427,3,33,0,2,1,2,2,2,2,2,2,2,2,1,1
1428,2,99,2,1,1,1,0,2,1,1,1,2,2,2,2
1429,2,50,2,2,1,2,2,2,1,1,2,1,1,1,1
1430,2,0,1,1,1,1,1,1,1,0,1,0,0,1,1
1431,3,34,1,2,1,1,2,2,2,2,2,2,2,2,2
1432,2,92,1,1,2,1,1,0,1,1,0,1,1,0,1
1433,4,29,1,2,2,1,1,1,1,0,1,1,1,1,0
1434,4,0,2,2,2,2,2,2,2,1,2,1,2,1,2
1435,3,140,1,2,2,1,2,1,2,2,1,2,2,1,2
1436,3,0,2,2,2,2,1,2,2,1,2,2,1,2,1
1437,2,65,0,0,0,1,1,1,2,0,1,2,1,1,1
1438,4,53,1,2,2,2,2,2,2,2,2,2,2,2,1
1439,2,19,0,2,1,1,1,1,2,1,1,2,1,2,2
1440,3,0,1,1,1,1,1,1,1,1,1,1,1,1,1
1441,3,8,2,1,1,1,2,2,2,1,1,1,2,1,2
1442,2,9,1,2,1,2,1,2,1,1,1,1,1,1,1
1443,3,69,2,2,2,2,2,2,2,2,1,2,1,2,2
1444,3,13,2,1,2,1,1,1,2,2,1,1,1,1,1
1445,2,41,2,2,2,2,1,1,2,1,2,2,1,1,1
1446,3,114,2,2,2,2,2,2,2,2,2,2,2,2,2
1447,3,67,1,2,2,2,2,2,2,2,2,2,2,2,1
1448,3,87,1,1,1,1,1,1,1,1,1,1,1,1,1
1449,4,2,1,2,1,2,2,2,1,1,2,2,2,2,2
1450,3,9,2,1,1,2,1,2,1,1,1,2,1,2,1
1451,2,55,1,1,1,1,1,1,0,1,2,2,1,1,1
1452,3,99,1,1,0,1,2,2,1,1,1,1,1,1,1
1453,3,0,1,1,1,2,1,1,1,2,1,2,1,1,1
1454,3,44,2,2,2,1,1,1,2,1,1,1,1,1,0
1455,3,16,2,1,1,1,1,2,2,1,2,1,1,1,1
1456,3,124,2,2,1,2,2,1,2,0,2,2,1,1,1
1457,1,79,0,0,0,1,0,0,1,0,0,0,1,0,0
1458,4,0,1,2,2,2,2,2,1,2,2,1,1,1,2
1459,3,28,2,2,2,2,2,2,2,2,2,2,2,2,2
1460,1,22,1,2,1,1,1,1,1,1,1,1,1,1,1
