ID,w3-assessemnt-result,w3-reflection-length,w3-1,w3-2,w3-3,w3-4,w3-5,w3-6,w3-7,w3-8,w3-9,w3-10,w3-11,w3-12,w3-13,w3-14,w3-15,w3-16,w3-17,w3-18,w3-19,w3-20,w3-21,w3-22,w3-23,w3-24,w3-25,w3-26,w4-assessemnt-result,w4-reflection-length,w4-1,w4-2,w4-3,w4-4,w4-5,w4-6,w4-7,w4-8,w4-9,w4-10,w4-11,w4-12,w4-13,w4-14,w4-15,w4-16,w4-17,w4-18,w4-19,w4-20,w4-21,w4-22,w4-23,w4-24,w4-25,w4-26
1,2.274214866,99.57678992,0.504523119,1.46821667,1.423405357,1.449703625,1.350555278,2.228739287,2.190891264,1.58166854,1.368908202,1.629011622,1.410919388,1.760336464,2.316876605,1.609232421,1.738240972,1.257070619,1.071471446,0.138674515,0.663934281,0.722925336,0.571627156,0.36123916,0.435280851,0.563476339,1.092477731,0.68586799,2.400824202,54.99443217,1.158095316,0.648588518,0.90331172,1.497530829,1.547667069,1.743641726,2.035790042,1.794167985,1.630633966,1.864513062,1.228093613,0.90803342,1.553361531,1.575228468,1.294999787,1.970100464,0.458389587,0.960963004,0.072223486,0.718743721,0.066909107,0.420808058,0.295931521,0.909739501,0.494994661,0.969601182
2,2.388656467,15.65932663,2.249666482,1.661042129,1.509829542,2.117207958,1.859513978,2.026174499,1.838143729,1.495445313,1.935302798,1.745672212,1.999724753,2.383561118,1.367652989,1.089715052,2.367169014,1.269403824,0.368373012,1.196476211,1.553870633,2.318177068,1.471106728,1.33512152,0.360424932,1.081497229,0.701350221,0.821289292,1.521428692,7.542890703,1.453361886,1.431782571,1.539031881,1.811983675,2.061197602,1.667398909,1.718816053,1.432094026,1.413813081,1.694905146,1.162405797,1.395804159,1.541935806,1.405571175,1.54341805,1.645568322,0.482147146,1.574332441,1.143394962,1.389552236,1.108919657,1.119251072,0.661439973,1.079046544,0.971345524,0.759224161
3,2.127071086,69.20158679,1.119704856,1.998216137,1.429740568,1.267496445,1.471617493,1.937250607,1.569955204,2.708443733,1.578891199,2.012306145,1.932950657,1.344499187,2.98890693,1.084856051,1.905238817,1.659209036,1.609900476,1.501287687,0.876558749,1.433982081,1.426930151,0.623914975,1.055762718,0.935795851,0.723877472,0.792030631,3.328802911,21.50061017,2.165505678,2.414344204,1.90154705,1.632265889,2.527203672,2.322425051,2.23864423,2.235399103,1.719176784,3.082719101,1.920567414,2.693028655,2.037320495,2.634267105,1.995945978,2.773735287,0.762034024,2.481458831,0.442988943,1.370870829,1.231987261,0.918879453,0.778008437,1.124553442,1.504250108,0.527572287
4,1.134065596,64.83246304,0.443962542,0.584322732,0.93499314,0.449205534,0.309990819,2.053990294,2.338848999,2.425199484,1.949876695,1.482293286,1.355282235,1.407792663,2.346600102,1.16361851,0.240823973,0.644050874,0.370785119,0.430975674,-0.305897153,0.179055224,-0.741619545,-0.307980996,-0.012049326,-0.654280866,0.102232525,0.077727922,2.63433735,-27.60490255,0.849596585,1.984788817,1.46717242,2.166058069,1.906114268,1.814353103,1.751781979,1.462486763,0.583900632,1.662408367,1.323024833,1.957777119,0.42417593,0.739561784,1.747188121,1.181369838,0.907168603,1.565593996,1.202810945,0.752381373,1.109128352,0.986243661,0.5798368,0.909280768,1.622105032,1.664083698
5,1.560617637,-0.189597409,1.524007122,1.399430726,0.589219693,0.762406698,1.565151959,1.886720665,1.755757481,1.681597326,2.073297952,2.023448996,1.379935903,1.76429748,1.887847006,2.207605152,1.047405325,1.284566414,0.055411408,1.053077803,0.896561674,1.627641364,2.060325001,0.627292741,1.520801438,1.335257954,0.030822309,-0.410107961,3.259188836,80.46554129,2.14780901,2.18607378,1.977572501,1.953977574,1.918164893,1.70451745,1.748188167,1.967441747,1.987803982,1.676027601,2.258657255,2.229158528,2.142141467,1.704180878,1.83912933,1.840236663,1.591848555,1.118196823,2.323028065,2.131448238,2.424428047,1.554789422,1.903736689,2.27707981,0.666116004,2.120719958
6,2.960577236,-12.90050565,1.02670462,1.212147756,0.959331322,2.231641009,1.670749674,2.034630766,2.230671037,2.108062394,1.59896682,1.426063559,0.507845506,0.868232883,1.912916855,1.391760527,1.352136309,1.70813033,-0.1944406,0.611574141,0.968555323,1.979097254,1.100955752,1.447195832,0.977136577,0.674298937,0.766811508,1.031854032,2.908883068,23.54610685,1.215850666,1.037766312,1.955926037,1.35907545,1.700579639,1.858827573,1.755122926,2.244093624,1.988460846,1.990990359,1.848174782,1.273067187,1.821345414,1.944955784,1.653173467,1.79485967,0.152319889,1.948093415,1.122393563,1.878719448,0.846713813,1.662397956,1.698029987,1.072348127,1.161648863,0.906177838
7,2.472526874,60.00045084,1.699046519,1.817502969,1.628519807,1.749256509,1.79949112,2.314399809,2.225545067,2.038635162,1.367067948,1.408802785,1.551381925,2.197843557,1.543826832,1.079113045,1.880749913,1.144722523,1.627711466,1.668471551,1.849560079,2.083617746,3.016422444,1.132820568,1.177716654,0.491335473,1.065696487,1.138775694,2.291100948,71.25618509,1.755306035,1.897151372,1.403956991,1.352876088,1.736430403,1.843513968,1.82309622,1.781078467,1.349700756,1.322370132,1.587290136,1.635993431,1.450602872,1.576250864,0.781537215,0.841658903,0.473894386,0.719834915,0.830959262,1.480368602,0.604434606,0.087081058,1.114487062,1.706594887,0.617158704,0.350669908
8,2.878654053,72.97476142,1.411628134,1.478255606,1.07163724,1.472569121,1.756309171,2.61283849,2.298899079,2.074206051,2.276193972,2.725962133,2.213636571,2.636640244,2.473277269,2.547615035,2.496611779,2.875195003,0.685978357,2.010865658,0.568090194,2.492382902,1.244691111,1.404591822,2.049672503,1.789168341,1.108292172,2.240689231,2.970315456,87.72955591,1.888676268,1.646673454,1.909426188,2.183520155,2.22203987,2.740932018,2.33525297,2.272995266,1.971432433,2.130888323,2.993880147,2.742600625,2.387132216,2.748205208,2.467733988,2.219859724,1.439872113,2.469506706,1.395518968,2.177843665,1.503727824,1.266989883,1.307795506,1.731586278,1.205410115,1.732042006
9,4.066955155,56.2437171,1.536082738,1.745211527,2.625345653,2.145197977,2.160410051,1.989222925,1.551438563,2.002932226,1.555841195,1.933509017,1.893991722,2.145090216,1.017573551,1.604490479,1.927963065,1.888451907,2.007123826,2.349236293,1.566694221,1.888595995,1.881345,2.01895812,2.464766744,2.508370264,2.606348618,2.940482334,3.951105776,38.42956911,1.341320792,0.540707238,2.023909068,2.177847667,2.45384446,2.089416426,1.776666013,1.878041908,1.633319828,1.745469101,1.584821456,1.847642132,1.532070409,1.745129752,2.598535843,1.8431162,1.822757074,2.257991051,1.582766934,2.274844027,1.933812572,2.341046959,1.543250913,1.479940322,1.914952619,2.118034077
10,2.799882027,45.94828352,1.881656932,2.777515135,1.895681811,1.547857417,2.199717134,2.14917542,2.453124161,2.224338112,1.450470402,2.489895894,2.903291585,2.195791143,2.18049183,1.505286352,2.274687606,2.256442997,2.968278593,1.668075007,2.393726769,2.121793947,2.434367197,1.457199585,1.072168328,0.419595339,1.575053982,2.016850258,2.230384337,27.22964483,1.214314106,1.594799088,0.858523651,1.973486036,1.602318593,1.401669416,1.52076633,1.214677957,1.9180827,1.372999053,1.673370955,1.414081052,1.249547071,1.467727442,1.341354566,1.076097829,0.564110295,1.619726843,1.799450409,0.674647933,0.551167465,0.773403713,0.398184328,0.016896954,0.696239118,0.634800069
11,3.296902936,69.08702011,1.605364154,0.872623708,1.242071423,1.332574583,1.492552857,2.08188554,1.78089035,2.220399485,2.275610369,1.763499851,1.180887217,1.667791257,2.331063541,1.8611415,1.706107747,1.291978381,2.206069447,1.521370439,1.770120087,1.847288653,1.606565523,1.776492218,1.15413924,1.219810352,2.06624782,2.126203882,2.591409233,59.1363115,0.551577675,1.325928073,0.76663189,1.637561981,1.565879506,2.145132448,2.335953837,1.489515607,1.287800377,1.402208491,1.316741024,1.511275334,1.016176473,1.2917166,1.004125701,1.514980462,1.331824095,0.963408025,0.964921725,1.087070514,0.887399963,0.633278378,0.921030584,1.403124566,0.540266215,0.995709634
12,2.198808848,38.36495672,0.934556378,1.156723939,0.838132423,1.363140058,1.329946091,1.683830482,1.425742681,1.748905961,1.146799268,0.726155818,1.49124966,0.819400092,1.288325995,1.560569769,1.558575756,1.772700066,-0.237034082,0.329994377,1.387945161,0.649445335,0.647219551,0.562666773,1.290466544,1.279758183,0.754371427,1.069975982,3.901423169,88.9388923,1.870983439,1.530707166,1.491319755,1.637700958,0.757451103,1.740595147,1.536320578,1.912365035,1.484362536,1.402319978,1.598157685,1.574539337,1.841192029,1.848045706,1.455539538,1.5346438,0.777122158,0.393388768,1.659158018,2.021421123,0.99229174,1.059379743,1.806997353,1.294094751,1.17803767,1.558169657
13,1.050243851,55.7787106,0.77128708,1.016679276,0.897121708,0.78093363,0.693743668,1.409410844,1.734915037,1.615012714,1.389025638,2.018184282,1.417896353,1.81208724,1.097311406,0.937539813,-0.250759412,1.362638309,0.722087859,0.079021264,0.153070954,0.50367533,-0.280893367,0.756932658,-0.751458297,0.512196426,0.729971572,0.97395569,1.771390941,106.7180986,1.098338629,2.187150638,1.475659821,1.161628466,1.522917177,1.950721182,1.863834822,1.713385278,1.784750434,1.980356648,1.772699411,1.162868038,1.517073488,2.092396828,1.5413338,1.74777824,0.355122757,0.777096938,0.67324575,0.529575144,-0.167315253,0.270112276,0.548499358,0.952134115,0.942000433,1.054471096
14,3.727110764,30.86236261,1.769020879,2.036159985,1.11689812,1.170972548,1.784755564,1.791279997,1.854439437,2.515284201,1.272261285,2.567924133,1.951827892,2.210738901,1.722178173,2.118422523,1.853276976,2.469329985,1.344980389,1.864787805,2.296677931,2.228379817,1.542090319,1.818686384,2.306175674,1.9094716,1.922077335,1.614824725,3.146052646,-8.520158681,1.460885905,1.908581132,1.050592166,2.048502223,1.863322947,2.060026423,2.063138684,1.47525878,1.204073592,1.662098123,1.383893758,1.860952821,1.313880725,1.615528598,1.437600855,1.804345588,1.133691358,1.335300407,1.02809089,1.600313208,0.85869208,1.130432116,1.328254575,1.770403595,2.142301751,1.723784948
15,1.995308545,77.77396436,1.315898254,0.817857162,1.087429808,1.376448041,1.680790254,2.202106782,2.201417928,2.371130595,1.76246137,2.381668448,1.908135672,1.849567849,2.078125272,1.823178452,0.903058487,1.337800247,1.945671067,1.233644427,1.697898414,1.89088874,0.62985999,-0.010862328,-0.370306665,0.256652806,0.529081977,0.451844142,3.137243384,-0.804204126,2.056692628,1.519743459,1.46197946,1.699776216,1.80712795,1.997265381,1.918910633,1.718069986,2.215070987,2.08287146,2.100051655,1.7314261,2.136687139,1.935508219,1.287335256,1.446245285,1.09586681,1.243916398,2.00289718,2.021573862,1.389265156,1.622716754,1.332142832,2.011314209,1.827963852,1.798226219
16,1.173446195,64.79669565,1.53387035,1.544179705,0.929994071,1.675103887,1.433584377,1.940485298,1.532325928,1.734940263,0.928859086,0.700703373,0.978708536,0.965142592,0.726290499,1.31972836,1.145737951,1.739834745,0.235027336,0.150904092,0.209226844,1.209706164,1.110730694,-0.124122052,-1.235538139,-0.600276919,-0.015755492,0.085307182,3.262549848,133.0249826,1.733116665,2.004840643,1.437299318,1.580194483,1.232960262,1.991185915,1.726202383,2.403984595,2.537674411,1.075664991,1.607777457,1.299114615,2.527277926,2.246951481,1.934767835,1.84035484,1.542002494,1.024928126,1.939569264,1.128284592,0.278243881,0.87807818,-0.904380114,-0.615223265,1.342574513,1.39831692
17,2.856094594,84.75686503,1.372398955,1.847840085,0.633906181,1.395447636,1.27707864,1.895802177,2.016338233,1.445622571,0.79904362,1.40333488,0.904917842,1.104140924,1.150133215,1.145781001,0.501121907,1.245614946,1.503891736,1.319419722,0.855430737,1.473982595,0.208260025,1.691623289,1.321506918,0.990403024,0.201728925,1.163505164,1.298689701,41.03499067,0.991842146,1.678269546,1.185314056,1.361772827,1.867862081,2.339941768,2.012731451,2.140082637,1.889015862,1.7634223,1.847395158,2.137370975,2.399377509,2.316954043,0.793824813,1.193149238,0.925142527,0.94263145,0.449163366,0.842068032,0.531708588,1.024946413,0.638198933,1.124831002,1.66133981,0.817386636
18,1.881396455,49.59738236,1.70289424,0.682828417,0.803675493,1.452592193,1.48966348,2.000792172,1.863775675,1.396473806,0.438979738,1.630323572,1.150804966,1.248785643,0.662502014,1.130342828,1.314382636,1.698276875,2.112642868,1.754201293,0.846970836,0.385488487,1.082714273,0.873727048,0.840196379,0.520632092,1.116588054,0.887436061,2.404670375,83.55546898,1.238941801,0.824266171,-0.332269187,1.295365565,0.636976076,2.318565178,2.212761413,1.843156788,1.030534004,1.564039409,0.681774559,1.110993451,1.552745201,1.521171517,0.134857006,1.344855768,0.594333351,0.662586784,0.751472359,0.945968961,0.301345554,0.386886912,0.694022161,0.587189064,0.941749039,0.543403319
19,2.276221339,19.85821307,1.603085259,1.879930103,1.809646557,1.223870881,1.057439478,1.470378941,1.651229691,1.298365024,1.543258398,1.822252641,2.083320416,1.600688891,1.25471573,1.255110125,0.689582263,1.818325565,0.471483599,0.392667575,1.09628722,1.545140504,0.745098658,0.230573197,0.217770966,0.148081615,0.621210666,0.476462312,2.05652789,28.83937923,1.937820957,2.291084937,1.231897818,1.757392101,1.439284388,1.599874678,1.650273073,2.153909408,2.355501454,2.055830073,2.012994526,1.219538637,1.901059108,1.969230817,1.037790868,1.557703508,1.650540037,0.571702376,1.867208056,1.36861658,0.126902354,1.121265268,0.41327192,-0.254169122,2.296629673,1.649849555
20,3.544144086,61.92935456,0.931551068,1.201503248,1.603100791,1.540000649,1.613152876,1.873967646,1.615133417,1.962413644,2.167021211,0.526245454,0.200719377,0.865059427,1.748518684,1.664216603,1.794261347,0.466819571,1.26161286,1.302327383,1.069201336,1.967037228,0.637246786,0.60265122,1.192736259,2.064422805,0.996701948,1.136923096,2.606212037,-35.735143,1.443269677,0.953695746,0.860310333,1.41930671,1.412020275,1.402079791,1.401188805,1.675651975,1.783765693,1.255059841,1.49307662,2.198758797,1.632568891,1.128138993,1.66378624,1.234681957,0.584273775,1.150986767,1.020972105,0.64173313,0.279052434,0.945068581,0.412088951,0.662735833,1.016937142,1.044837687
21,1.62861996,125.0963721,1.132793914,1.389363631,1.048094914,1.376977762,0.577624466,1.936887329,1.728420788,1.731928206,1.550728523,1.250783217,2.245079483,1.281672169,2.401521291,2.35432978,1.892400059,1.140200308,0.81266205,0.999627464,1.572809039,0.766910935,1.255375094,1.463631818,1.410023863,0.500392279,0.400361021,0.218037965,3.111249966,90.09199657,1.245841395,0.929859851,1.391879888,1.735153064,1.140439586,1.933953628,1.913072173,1.680132046,1.679577129,1.411116718,1.545920053,1.91969738,1.956641492,1.68927528,1.710870778,1.722829186,1.892101699,2.171137155,0.939974067,1.508347257,2.111556595,2.031132295,1.537714875,1.751165138,2.001488746,1.975878794
22,2.379560408,19.22866821,1.415032985,0.48703435,1.53663561,0.671740896,0.804820644,1.423138624,1.456800491,2.022201149,1.1154814,1.633288878,0.978280525,0.47975954,0.972998938,0.65679658,1.83208159,2.318116145,0.864640807,1.599915796,1.85451931,2.207022969,1.496588484,1.657819021,1.160824768,1.780789507,1.591614641,0.876892007,3.259814613,58.57782851,1.004692224,0.937872559,1.646049559,1.021668837,1.58302262,1.142345681,1.097705497,0.974566803,1.24219982,0.874897685,1.485461963,0.972562156,1.399798727,0.815985021,1.618080322,1.593307493,1.198398689,0.407532428,0.743334982,0.758081631,1.482210621,0.661102145,1.534642612,2.229175238,0.444983165,0.980213041
23,3.760937392,87.93647447,1.571801681,2.274115776,1.974455908,1.380084636,2.388412347,2.110586397,2.084035555,1.938173455,3.324748356,2.912507106,1.981875584,1.418531791,2.167289212,2.318523795,2.719154499,2.115649696,1.826778093,1.916018492,2.141681985,1.826113251,1.260223134,1.455567361,2.691546003,2.383266784,1.823288084,2.37515724,3.852034616,30.05554853,1.920283048,1.513610224,1.957199062,1.689826431,1.964432068,1.871036101,1.724919093,2.644214977,2.758316949,2.434285885,2.781939661,2.475592891,2.463650523,2.453328332,1.695845439,1.631889791,1.505348223,1.816835573,1.143427604,0.875042272,1.213737756,0.613196007,2.15080184,2.177214059,2.299804966,1.753539017
24,3.257682403,72.4292378,1.575670554,2.066346708,1.396476884,1.740870743,1.170834757,2.310063153,2.8666823,2.400743856,2.898863831,2.420201658,1.92806825,2.055317708,2.311407412,2.65035442,0.225272973,1.733702542,0.543170704,-0.053864536,0.220258872,0.925172807,0.752045221,-0.808185596,0.730130385,0.399546709,0.8311423,0.716013975,2.029495643,103.2174654,1.179036878,0.982594235,0.707440806,1.68723087,1.420155708,2.026096268,2.040759792,2.562259234,2.302253993,2.066575076,1.359416844,1.52400308,2.239881558,2.575998046,0.97728391,1.56242332,0.837683309,0.513132288,1.510123597,1.099014111,0.795823147,0.345632393,0.218880052,-0.100454595,1.052050748,1.290617143
25,3.401331166,62.558402,1.825469896,2.195371132,1.760266065,2.448675372,2.255449431,2.340418398,2.201821556,1.96029042,1.830827345,1.983222059,2.002882738,2.427813662,1.991438878,2.142297078,1.578009438,2.152482132,1.289532129,1.062757178,1.390610094,2.034236414,1.660888674,1.208087466,2.680812489,1.820704155,1.575388951,1.358234332,4.299262272,16.30054315,2.375856755,2.16300058,2.105353074,2.239710335,2.075507675,1.716378099,1.63069644,2.334791867,1.575205886,2.387113262,2.36775564,2.116848092,2.554380285,2.13675951,2.588897719,2.114646853,3.012047174,1.946348427,1.428859358,2.921486152,3.052630388,2.720214965,2.329441781,2.06280916,2.571304212,2.812075735
26,2.417893168,94.00678924,1.119481515,2.339556248,1.33857889,2.22736658,2.050248319,2.14763445,2.140117402,1.769611069,1.437738489,2.370232501,1.946069316,2.138348374,1.746462966,2.075089666,1.099152572,1.495313304,0.766199783,1.291679252,0.687765955,0.641499661,0.229044151,0.314413353,1.106218341,0.921719652,1.207876771,1.823995722,3.94653912,3.201954714,1.593567728,1.526749281,2.298953594,1.565402519,1.8600533,1.752981238,1.688122286,1.858008668,1.640856077,1.768408772,1.669058629,1.386285512,1.891104607,1.960687014,1.800171839,2.346231216,1.941598327,1.969504522,1.890668772,2.132766015,2.081461804,1.928490566,2.15903539,2.187880281,1.669814914,1.877119283
27,1.937171979,24.12587386,1.889154682,1.5437852,2.315853914,1.93685308,2.508860708,2.299719203,2.230334222,2.24883,1.216170977,2.425828029,1.933588389,2.559451424,2.98150128,2.255787352,1.378036152,2.117640384,-0.113284809,0.964614642,1.146645045,0.91456956,0.430895044,0.221670768,0.068740523,0.806179502,0.64245771,-0.405740861,3.759591517,17.91806504,2.635656622,2.018300192,2.088525687,2.106706076,1.584357856,2.064125366,2.076902291,2.831157121,2.623577363,2.517557822,2.665533203,2.353715584,2.922619518,2.368708069,2.181498861,2.016611637,1.092965435,1.451104697,1.62340408,1.376074646,1.924085787,0.958386258,1.159001363,0.490618655,2.194871808,1.027174631
28,1.476222931,106.3926692,1.20099976,0.685396324,0.114807806,0.975368857,1.615721523,1.73674367,1.40920702,1.573427048,1.822108321,1.141615281,1.904867521,1.133041791,2.028627142,1.265472917,0.520134958,0.981027832,-0.292326634,0.760715811,0.209561035,1.065580206,0.667494547,0.107319863,-0.431478318,-0.694965823,-0.288541348,-0.061960893,1.687392895,17.08191391,1.576480166,1.177012765,1.568379428,1.537719857,1.671377941,1.571097346,1.503548433,2.008955849,2.061935433,1.594420186,1.716464357,1.762826389,1.707254057,1.912224571,1.886461524,1.624263964,1.124873913,0.956799014,1.450585219,2.048320073,1.085717816,0.812602183,0.367650626,0.855285193,0.387000655,0.491882367
29,0.729694656,47.48869801,0.744131772,0.409749385,0.135663949,0.225287093,-0.224302342,1.843676282,1.490345707,1.195822982,0.798650983,0.85324343,0.583121513,1.143165992,0.652126044,0.194080407,0.022462846,0.108105248,-1.456034415,1.047725105,0.875169523,0.891173613,1.211740788,1.003352451,-0.497052595,0.705454687,0.253184494,0.386396194,0.987716597,63.2840122,0.577953237,1.141594296,0.840970522,0.656635377,0.510536695,1.25282489,1.330759541,0.781018116,0.86230293,0.709094551,0.387574617,-0.121289205,1.013027528,0.883045852,0.318903012,0.846148768,0.982083261,0.40948381,-0.170907711,-0.01187242,-0.307237166,0.702355452,0.530533285,0.043616443,0.515466381,-0.165110001
30,1.957451989,30.76218924,1.720030213,0.724907279,1.014105097,1.474141928,0.911625146,1.648150937,1.316050409,1.261856323,1.419354967,1.575331558,1.121983107,1.680390451,0.968631196,1.519570325,1.236857752,0.820398162,-0.207913434,1.375170186,0.02915065,0.893440178,0.280847704,0.283748664,0.267086927,0.537525725,0.83776219,0.285077972,1.633727983,78.99042957,0.974210938,1.31371794,1.531756712,0.45052158,0.741880468,1.255105872,1.44568855,1.499147037,1.196462939,1.338236377,0.705949297,1.139696217,1.391018536,1.179791933,1.346026337,1.091173297,0.097603594,0.810895681,0.68919711,0.812358106,0.832257643,1.574391726,0.541102478,0.698959096,0.318440109,0.267245003
31,2.631199133,20.50984947,0.784107742,1.226434791,1.059449318,1.301692111,1.584950769,1.595169054,1.658383935,1.383380584,1.105188742,1.661439695,1.470090816,2.154131431,2.063533116,1.174192287,1.111024966,1.393145571,1.832393163,1.279354626,0.192556188,0.542585029,0.478923841,0.699325486,0.66899892,1.05944295,1.316131065,0.857857151,1.795435938,10.55884018,0.510673621,1.235267439,0.376250928,-0.029538852,0.537331454,1.400872571,1.476193384,0.935353647,0.75258157,1.000456679,1.061170482,1.287741147,0.841508912,0.943372013,0.80958103,0.579817707,0.336746772,0.086485021,0.732950391,0.968410707,1.132301891,-0.473337054,1.678472539,1.129658567,0.997128119,0.7721108
32,2.439669841,55.58907078,0.574141121,2.057664381,1.336842035,1.543779407,1.385942567,1.504173607,1.745715154,1.298444403,1.696342545,1.83891931,1.327911451,0.85305605,1.151791092,1.795024752,1.486390493,2.072817611,0.595935233,1.717853514,1.499091427,1.826323295,1.934034836,0.19244356,1.48748268,1.272060592,1.003385911,1.132143966,3.428665701,117.9473004,2.341775779,2.003023458,2.055870534,1.670405618,1.500825062,2.206565597,2.282016404,2.481122613,2.430734906,1.709083096,2.267718204,2.90465382,1.979309446,2.086256633,2.482607957,1.508436433,1.387428643,0.833200134,1.631655028,1.451716471,1.709031741,0.235382861,1.194467321,1.092698624,1.238637925,1.189315462
33,2.382002965,41.59819891,1.095316192,0.821265873,1.078264982,0.925415897,0.718874017,1.23992558,1.121026718,1.299053446,1.786800489,1.326152535,1.321606964,1.579427957,1.775325291,0.903127078,0.877040928,-0.048865857,0.786293376,1.538837948,1.814722423,1.007701937,0.117483184,0.60275458,0.790348595,0.48057304,1.178344903,0.511523389,3.456455795,53.10988062,2.142709638,1.937421546,1.220739998,1.440100162,2.031147367,1.121088073,1.316944271,1.691496475,1.829359761,2.198758795,2.29689098,1.303303457,2.060947674,1.425733007,2.227083725,1.756950919,1.116496809,1.778300042,1.513758423,1.135405477,1.691257297,2.143497811,1.24545889,1.174884898,1.695926874,1.099975164
34,2.500052081,49.29934293,1.758288266,0.186341158,0.70117305,0.568737497,0.874533027,1.672357669,2.18197916,1.330843688,1.947192941,1.766382395,0.483506869,1.192641213,0.688280844,1.941010024,1.245732884,0.852438286,0.267097144,1.669609822,1.287795659,0.723981232,0.836683751,0.926159045,1.973196414,0.447923388,0.458334805,1.090082223,1.806183704,73.00033253,0.561773966,1.253654032,1.199822458,1.077665553,1.084660355,1.715847976,1.648463544,1.449768084,1.214865453,1.162256461,0.292563119,1.562399055,0.745688703,1.43610156,1.618344344,1.948203561,1.984835019,1.608738131,1.094701694,1.13125215,1.188033334,0.557455054,1.226526636,1.47305684,0.358780611,1.043440475
35,3.989302194,143.5073621,3.118887012,2.320229374,1.84825575,3.246429235,3.147512802,2.176059492,2.774183982,2.01731089,2.473851087,2.584081501,3.093979237,2.011485855,2.776513125,2.233829393,2.562830272,2.431967342,1.669540777,1.128539842,1.766043586,1.68071944,1.791856706,1.052470272,2.062696125,2.182246547,2.118344442,2.772437153,3.988493449,137.9823371,2.021997818,2.391611002,2.150937688,2.064156815,2.506542939,2.229667947,2.19374475,2.207898388,2.201238549,2.117398162,2.225941247,2.20502177,2.339965119,2.072804871,3.252863738,2.573770621,2.560331712,2.045795816,2.465822512,2.560339929,2.85865244,2.196697429,2.559467873,2.473510135,2.236849435,1.897032957
36,1.820258114,28.94036705,1.726800161,1.412271622,1.694660374,1.929086507,1.370464771,1.471571376,1.303540948,1.373970693,1.873080412,1.484999799,1.432551801,1.616170031,1.714649546,2.230898298,1.057574855,1.478989479,2.224686082,1.265619111,2.184835089,1.391588978,0.669713593,1.654173242,1.11191996,1.172260616,1.967263417,1.79134003,3.732242745,25.84614433,2.126513535,1.056625373,1.002654351,1.470962978,1.729902786,1.584631348,1.762041678,1.79114765,2.01446637,1.11352437,1.869059447,1.427177812,1.903009844,1.591403615,1.442107528,1.502357987,2.566517749,0.798030246,1.769771198,1.134238052,2.371831637,1.936976663,1.984171725,1.243557726,1.952350971,1.170813091
37,2.106963204,101.527599,1.051242202,0.717028261,1.051620452,0.807125176,1.246887748,1.850637263,1.622068184,1.982684792,0.81751423,1.988503685,1.287419722,1.721846767,1.559910218,1.285535831,2.210649399,1.36263963,1.540895815,1.36449427,0.893377385,1.228926245,0.863013091,-0.833238932,0.181177057,-0.199003461,0.414958106,-0.106829149,3.267489919,3.494366088,1.465698686,1.375052437,1.914466745,1.499724119,1.744598772,1.716892586,1.7812389,2.061256895,2.191606557,1.689880665,1.694324754,1.411901869,1.826120601,1.724330846,1.420520207,1.390066096,2.201371996,0.549949752,1.380045969,1.648758662,1.827234542,1.120378829,1.691356848,0.891842284,0.818306225,1.394168326
38,3.125438143,6.972241522,2.354309227,1.48716226,2.302956547,2.64723366,2.110436266,1.519609238,1.792890703,1.354817525,2.153989724,2.596227288,1.952979318,1.619116127,1.764307091,1.788336805,1.834062497,2.217364953,0.653433195,1.142278194,1.599915746,1.572330894,0.965634936,0.891105101,1.885046433,1.893877186,1.81318187,1.83752204,3.909321993,-4.73388573,1.308222295,1.227459686,1.522601125,1.637284221,1.939619686,1.797330025,1.624957061,1.572644993,1.987944645,1.867145017,0.902322194,1.569162072,2.09713275,1.693905105,1.625466301,0.889972284,1.741046652,0.888657794,0.947871623,1.422025929,1.643307553,2.277945074,1.81858275,1.641244286,0.928275024,1.153735782
39,2.61986799,44.6267549,2.448074791,0.774321721,1.29823038,1.321981033,1.812804635,1.897504345,1.608196764,1.957994479,2.011965265,1.35860242,1.771238236,0.816953289,1.602549605,1.704963883,2.319167316,1.974069586,1.9353838,2.139001133,2.032189949,1.856781531,1.575926542,0.164744695,0.820673139,0.759697044,0.692767799,1.153726361,2.829832091,14.88000661,1.880037143,1.238993058,1.422893387,1.570969721,1.249441753,1.747014813,1.711079398,1.598037379,1.926494959,1.500389699,1.804322658,1.298299542,2.100341733,1.352145964,1.489778136,1.27110651,0.233415036,1.365982588,0.649351248,0.924264713,0.281602209,-0.35217261,0.218617682,0.580697095,0.657481241,0.835329106
40,3.152517315,33.45176646,2.026252898,1.758834477,1.298745104,2.453928671,1.743512033,1.638030706,1.953978816,1.848563321,2.080156693,1.108950747,2.092615179,1.054178131,1.192394001,1.383853204,1.180111539,1.863452429,0.868942596,1.324732363,2.239123727,2.135716743,0.540975906,2.244820401,1.098569823,1.074036724,0.929700793,1.835585047,3.550622721,58.93883468,1.463375199,1.298943262,1.315179694,1.618876971,1.45883557,1.398851541,1.383591085,1.28932329,1.070759533,1.476975654,1.584187202,2.041414092,1.697504641,1.393769098,0.577950554,0.900614789,1.044848655,1.307869242,1.403061774,1.212184205,0.825626523,0.526270139,1.692168197,1.582116285,1.253051448,1.814655416
41,1.806469201,73.81711519,0.777991399,1.071649211,2.178753756,2.023521809,0.879788508,1.287099151,1.401190986,1.267947106,0.965292618,0.885129286,1.441505603,1.925245829,2.035490656,1.101731005,1.191285465,1.676260001,0.781026847,0.859489175,0.704399027,0.974330388,0.551155045,1.141239219,0.903262088,0.861205299,1.614697887,0.601323599,2.251003234,137.289529,2.02902611,1.506558114,2.025901758,1.85122683,1.578922746,1.888550128,1.82962908,2.39736593,1.414140234,1.335578628,1.634146855,1.205986781,1.465549666,1.174382687,2.066841308,1.81686943,0.324935794,0.612633176,0.564336653,0.515323752,0.478875364,0.944029552,0.269292945,0.502230033,1.565347999,1.276885729
42,2.586443063,36.61585387,2.050944686,1.502527223,1.523907481,1.863690338,1.69080258,2.233353361,2.172922376,1.773456483,2.191427697,2.587995904,1.46322828,2.133150176,1.247145465,1.797334978,1.581862659,1.372160372,1.19934498,1.968920077,2.376719968,1.853828975,1.532801881,1.037639372,1.477796334,1.948254109,1.123024876,1.470574134,2.459722936,17.29905087,2.115749968,1.43770515,2.824629516,1.92246859,2.224789831,2.329236024,2.188265677,2.063972864,1.804455204,1.713406792,1.643152386,2.4306022,1.805813824,2.126736977,1.911573157,1.611880168,1.311832765,1.980084449,2.287168562,1.653744182,1.17062587,2.037275298,1.792021075,2.168012202,1.994580803,1.868257632
43,1.777352137,17.74176927,1.31583355,0.884028609,0.839951216,1.092106372,0.270543996,1.749162544,1.542746697,1.702673783,1.747659548,1.958393792,1.456687729,1.573778965,1.074238163,1.433791587,1.863836569,0.710206747,0.256118387,1.249061609,1.341458059,0.622392031,1.345059817,1.493282766,1.382590273,0.517931051,0.786012244,0.73056119,3.052586049,92.93127453,1.670457948,1.388757271,1.654531425,1.589150578,0.781372598,1.756924374,1.829957879,1.876993691,2.195733097,1.449166786,1.053404545,1.404894284,1.893687814,2.095552235,1.64186891,1.175410858,1.373405024,1.537044669,1.556462813,1.406284331,1.433667185,2.228752168,0.743354823,0.615003309,1.786817762,1.745275762
44,1.959524341,48.73500722,1.770202204,0.353050641,1.140515632,0.667233167,1.188069079,1.992959654,1.601671658,2.172771582,1.379815395,1.174651623,1.230199711,1.03553038,0.978477542,1.297368254,1.65515945,1.88028299,0.434772179,0.474498466,0.886277143,0.784039408,0.669189888,0.102157386,-0.26629593,-0.223963449,-0.031681054,-0.540682454,1.42436353,18.24117143,1.426136809,1.696202806,1.904400579,1.662412058,1.831932046,1.937811989,2.122555838,1.848367916,1.33270761,1.156695195,1.637895702,0.991498346,0.829148577,1.357977975,1.671897629,1.921094285,0.446154548,1.575178357,1.35488165,1.57393812,1.3086978,-0.261172428,-0.028818714,0.717906257,0.434463542,0.767595469
45,2.743813471,79.37553385,0.83799232,0.282253738,0.90117163,0.702767122,1.126387522,1.569366728,1.669882624,1.437504272,1.290117631,2.150601514,1.698908548,1.000636559,1.255315307,0.572998508,1.8820712,0.761729758,1.611363193,0.716336935,1.274405323,1.579231235,0.650909428,1.316047601,0.627434081,1.532027077,1.717010176,1.221985351,2.499561493,60.47335736,0.670056405,-0.00331049,0.147672402,0.343398909,0.595904706,1.108012289,1.133185523,0.724044688,0.244512851,0.673257319,0.907285567,0.879546074,0.809473603,1.129094853,0.253666634,0.450217061,0.492256779,0.726608602,0.531413593,0.397097599,0.39507262,0.182088504,1.667841377,1.314775993,0.209137429,-0.360056239
46,1.688035469,42.34869351,1.22833453,0.096342768,-0.192376885,1.189910985,1.221769606,1.576943727,1.705109843,2.017740244,0.88434983,1.34493874,0.909618282,1.533004998,0.816140317,1.272812597,0.830068806,0.402700863,1.234046881,1.157020374,1.200513862,0.944708398,1.591853034,1.034198181,0.133090524,0.572689336,0.502165809,0.563199099,3.255707778,49.079035,1.376410298,1.652363062,1.397503324,1.400434203,1.478887131,1.87885142,2.011127093,1.554803217,1.632385029,1.630974811,1.414077802,1.473624023,1.305504108,1.670401125,1.633537832,1.695109397,1.780084988,1.551747914,1.514705031,1.672205292,1.433435742,1.406364611,1.389672027,1.350135167,0.955537854,1.283196566
47,1.603186884,16.89199614,0.522950185,1.169487288,0.028426119,1.347384832,0.897686822,1.837106199,1.542001226,1.585956701,0.971178881,1.778326829,0.746873697,1.656280517,1.485829543,1.988332445,1.155216183,0.629512033,0.517739425,0.541454993,0.48207269,0.354197649,0.452167824,1.296037775,0.596113674,0.085167948,0.676247593,1.202841067,2.171461618,-19.0945543,1.226350831,1.303050069,1.485385145,0.973126847,1.286000151,1.506415225,1.501637142,1.80371948,1.542501128,0.994153219,1.498496626,0.686906339,1.021480316,1.250420363,1.148453802,0.916304385,1.354828348,1.696034674,1.359508613,1.442973033,0.536380364,1.644884486,0.299881599,0.962772848,1.410503903,0.558242055
48,2.959232946,-15.66063068,0.892877253,-0.025502155,1.589421348,1.386566153,1.157687891,2.374192334,2.254201608,1.931415108,2.534543707,1.042346677,0.799046823,0.529471234,0.86270134,1.503078789,1.37015062,1.915970102,1.545986334,0.876594935,1.052553753,0.973991388,1.088861881,0.910711081,0.516912437,0.912479791,0.582925543,0.852513708,3.422006269,15.61132611,1.746776219,1.37327623,1.286005915,1.807656264,1.458285514,2.295674317,2.505251691,2.55721071,2.504251717,1.964493607,2.816225031,2.021380397,2.214935772,2.49478569,1.377381356,1.553999756,1.221486495,0.580735731,1.238531752,0.997984478,0.788297786,1.261136088,1.362819833,1.844798153,1.407843408,1.176974921
49,2.76550649,108.3308964,1.033640815,0.782838091,1.384528262,1.847226295,2.099377045,1.885698302,2.169894503,1.862049701,2.033174144,1.390606196,1.146871798,1.446334486,2.131305379,2.132055045,1.691407951,1.602219441,1.128157015,1.226683984,2.015937159,1.167115334,1.490102401,1.093619658,2.012369873,1.412863922,2.455614823,2.11926268,2.621341156,53.66932986,1.314171295,1.113370968,0.846668406,1.358595829,1.076088621,1.947117128,1.932990603,1.648605201,1.527681794,1.82091687,1.876076056,1.971435281,2.222377829,1.521233184,1.339231072,1.622430872,0.878368757,0.674794436,1.499899514,1.458809263,1.139215516,1.396502169,1.559156859,1.331960886,1.657138555,1.446115294
50,3.633446877,87.42941204,2.488725,2.49501191,2.088030311,2.459636409,2.870841863,2.125690193,1.94189513,2.334799812,2.011034505,1.925464652,2.958302446,2.242788421,2.322013503,1.634129723,1.60546829,1.095756518,1.952882135,1.675086155,1.474466324,1.497342141,1.50445397,1.797343724,1.10151961,1.337600573,1.311892464,1.486081352,3.132917161,108.4316722,1.381799496,1.333442775,1.182141833,1.281629945,1.763025603,2.065507634,2.097589021,1.724700865,1.380043632,1.854434535,2.055995885,1.787464547,1.357401831,2.147184553,1.431154868,1.62179328,0.928148736,2.158953789,1.086700281,0.728391328,1.491127659,0.732079044,0.695863093,1.2031789,1.533992301,1.619236847
51,2.910297161,91.69844381,1.005363273,1.525299747,1.453902549,1.634492092,1.654300858,1.374125931,1.982666096,1.691186822,2.328282081,1.357671089,1.441774378,1.620903215,2.015159118,2.067381185,1.313406255,1.063873585,1.278971301,0.146570941,1.426032955,1.131610547,1.297028299,0.626076576,1.83809457,1.786160438,2.493310655,2.381673638,2.241467284,150.2631424,1.277811512,0.546684435,1.539266895,1.740037004,1.616136318,1.867030798,1.67916107,1.207923132,0.896375188,1.148970168,1.098512339,1.092803482,1.472338031,1.627927034,1.735014201,1.701813209,0.195825248,1.134544233,0.236571934,0.831852946,0.698878696,0.9555989,0.483211866,1.14968818,1.117280106,1.262286693
52,2.719192185,78.54329462,1.439979321,0.617674792,0.955133643,1.658462994,1.367458542,1.711465089,1.748023665,2.100013396,1.574221934,1.215215317,0.560579463,1.088959343,1.39944556,1.965213991,1.514571292,1.046831046,0.705023543,0.116390326,0.882095222,0.956051483,1.165873438,1.750308414,1.621636887,0.699121079,1.476867996,1.216665981,2.481694364,-3.461771669,0.948724108,0.680448973,1.562356827,1.652989413,1.704563142,1.292361114,1.178031054,1.333449197,0.917906237,1.379735905,1.341308569,1.77454663,0.929337627,0.966122443,1.243046674,1.213202487,1.098114299,1.129300147,1.360394936,1.142122457,1.180701667,1.681303026,1.79763395,1.45450959,1.856614544,1.697750974
53,2.836300314,20.74484194,1.473123092,1.794253118,2.088651476,1.376327389,1.438322123,1.474564608,1.753694617,1.492989607,1.03478052,1.640389342,1.598105814,1.369265896,1.431504361,1.700522389,1.580429294,1.348291057,1.013698807,1.586635955,0.461356109,1.295711779,0.626193003,0.531139513,0.391810603,0.714058685,1.278355558,1.458941767,2.179174264,11.99236839,0.691199819,0.905286636,0.762319084,1.080514124,1.079162497,1.497682118,1.420407564,1.443053626,1.395131682,1.256500959,0.852249665,1.168706306,1.395492419,1.217404952,0.801210898,0.739645704,0.636685344,0.899731788,1.819817063,1.675595055,0.859871899,1.394347912,1.585035303,1.339730971,1.631784841,1.046312167
54,1.710407177,-3.303207883,1.378080541,0.470314099,1.102704388,1.38859766,1.339247444,2.076806828,2.211399032,1.933544079,2.029679035,1.751582553,1.615257588,1.6846884,2.26744635,1.088761877,0.92946948,1.920957418,1.480139412,1.42768222,0.779383535,1.207669164,1.16355098,1.369723726,0.579115357,0.84498587,1.184355875,1.569386089,2.449638114,25.52338006,0.616741888,1.013669376,1.200970005,0.771887899,1.694391692,1.778157597,1.885774464,1.066053956,0.976246457,0.193762776,1.207541027,1.016958548,0.786731081,1.215613216,1.526287897,1.257034522,0.310798699,0.601549431,0.407356588,0.605991644,0.475149891,0.665868092,0.863878706,1.305946383,0.59020834,0.275370049
55,1.73559201,81.79221846,1.218634342,1.987842522,0.691026823,1.32824201,1.101981665,1.627866308,1.637318808,1.794587994,1.274299603,1.09348254,1.481701649,0.593976792,2.082446615,1.09079069,1.30773312,0.877733208,0.28479222,1.212970411,1.078849581,-0.442693705,0.505193972,-0.77800996,1.261836617,0.407254837,1.148417122,1.035940289,2.545571948,31.94520254,1.177282736,1.573189824,1.469417214,1.577833903,1.708946261,1.622827675,1.65715737,1.583673339,1.432511095,1.597809459,1.574261237,0.656281413,1.33522005,1.28125943,1.288617907,2.065880924,2.016234406,1.171388625,0.297147968,0.599660029,0.240883159,1.150951449,0.838156039,1.738636553,0.671043292,0.477433228
56,3.170232383,88.27478828,1.819579542,1.424188484,0.776638806,1.952247695,1.026564401,2.366266532,2.50405757,1.729469202,2.357134018,1.964599723,1.700649777,2.344454635,1.78040295,1.763325269,1.808485302,1.890576716,-0.491502951,0.84404251,1.449763033,1.073872156,0.332479306,0.863846069,1.527035235,2.120978578,1.186133518,1.21046003,2.32442131,91.47708248,1.238776364,1.156255384,1.661573083,0.983301552,1.298765849,1.700571195,1.775745254,1.648074111,1.814477609,1.69035732,1.088127983,1.085020655,1.504357169,1.069717872,1.621827798,1.201553175,0.071041248,0.913180792,1.029039163,1.172544331,1.022469483,1.185853286,1.491259954,0.943316265,1.007009232,0.373448056
57,3.397608594,130.977977,1.89996429,1.773515644,1.647546355,1.446701069,1.742224914,1.629949909,1.822731981,1.265143094,1.803448027,1.057102987,1.206936283,1.066903788,1.157825631,1.039540089,1.933453382,1.463320807,1.317811897,0.719905275,1.941330749,1.160625473,1.023517345,0.747127168,1.905316291,1.738306451,2.012038624,1.959260149,3.184549165,85.79206468,1.371285019,0.922792267,1.610310288,1.098736783,1.212003981,1.62095742,1.502852678,1.600687409,1.291395067,1.925289697,1.673548169,0.81263032,1.028156628,1.596747445,1.811371362,0.510717021,1.460459258,0.5994493,1.203342346,0.934051408,1.65078667,1.673722047,2.482088505,1.883896265,1.777256873,1.577130522
58,1.136917072,51.93638494,0.434268792,1.311365753,-0.198965635,1.374204651,1.511836462,2.120285352,1.924274856,2.160180031,0.664451937,1.279929285,1.04016841,0.727275257,1.200255438,1.109906439,1.723936736,1.369933474,0.900304636,-0.080957941,0.081819668,0.133085447,0.437979129,0.392103877,1.94882045,1.595852043,1.000965455,0.308863691,1.324017462,101.0538886,0.999236368,0.902979238,1.39688003,0.9284836,0.990318175,2.006921716,1.962253811,1.500090637,0.798873023,1.450241034,1.311949522,1.651385001,1.310955544,1.492615458,1.435149604,1.299345857,1.028328555,0.926082331,0.794229908,0.660333653,1.29441263,0.567263687,0.733438979,0.36710601,0.939748718,1.105265115
59,2.050693742,67.81123631,0.312175306,0.397862434,0.730457733,0.810741848,0.712165721,2.031041649,1.722031515,2.03202533,1.477335714,1.641887383,0.714394556,0.929221945,1.491990194,1.706040563,1.471178052,1.494062723,0.72570952,0.971438205,1.2540506,1.515309835,1.285507597,-0.322745348,0.473977845,-0.048530533,0.424110463,0.758387161,3.563538824,25.13421412,1.310441034,1.100062154,1.168466095,1.016147029,1.408686781,1.847746291,1.725528614,1.44284552,1.527463274,1.329095323,1.318292842,1.65653618,1.611239397,1.875192302,1.53827439,1.361676939,1.359347278,1.443395842,1.148136348,1.094376408,1.78792111,1.228125671,1.44566301,1.25507705,1.224412866,0.839573186
60,2.111774895,67.18223478,0.674077326,1.564565165,1.237930885,0.548345378,1.049598502,1.620942884,1.607473586,1.093357314,0.630930041,0.984477282,0.748249416,1.383077715,1.022569513,1.350190234,1.303705861,1.157203713,0.69624828,0.497053513,1.388307179,1.428351104,1.25584213,0.983090401,0.203560041,0.525645865,0.966903107,1.162076722,2.570723414,23.85362213,1.094312577,0.839546451,1.208931592,1.498934693,1.085202045,1.926927292,1.789863226,1.763110139,1.105141768,0.699731598,0.74395685,1.484116882,0.931471267,0.928493672,1.15204119,0.757382919,1.249169243,1.625337319,1.06378557,1.128817491,1.191095028,0.835061291,1.080682649,1.014097891,1.403441846,0.965076176
61,2.339683011,12.50681837,1.368334583,1.044219568,1.541044903,1.594182023,1.595947823,1.381800086,1.389813393,1.654421423,1.37141455,2.214453899,1.771657423,1.624060121,1.316756472,1.547457727,1.32118987,1.337409812,0.710257651,0.549702675,0.334111711,1.204519523,0.777440357,0.427517316,0.55688854,0.938637418,-0.07722206,-0.395127675,2.773396423,36.78493737,1.235085527,1.444513559,1.091689673,1.016765538,1.168420629,1.105992516,1.149510787,1.381154521,1.345186894,1.654492288,1.391484486,0.839284989,1.269082714,1.33237042,1.054262039,0.823528358,0.547469661,1.167641272,0.484568069,0.771972666,1.579486123,0.925463057,0.248660305,0.185869741,0.680811224,0.596464938
62,3.276448568,90.63036618,2.142893711,2.24813119,2.343405091,1.391797174,1.679599249,1.852517144,2.032735276,2.273220415,2.120460772,1.753443743,2.365185772,2.251582687,2.524712671,2.184892563,2.051249192,2.430122419,1.169287881,2.076882781,1.791514504,1.750063218,1.505262655,1.58551551,1.247185905,0.823062202,0.632921922,1.259483948,4.083778029,6.915338895,2.24358658,2.376305383,1.970236863,1.935771256,1.209774735,1.837032446,1.7623804,1.712532009,1.671289652,1.642210588,2.300013681,2.52825766,2.040606598,1.818559687,1.919142821,2.303474714,2.665942858,2.792472723,2.646453651,2.820667793,2.010907928,2.658018017,0.838495576,1.696008612,1.811536084,1.680112789
63,2.3350597,58.48594113,1.733313201,0.497457409,1.531082956,2.152859167,0.874810995,1.436254198,1.21457453,0.90888577,1.726309171,0.516337589,1.536365349,0.425567218,1.232630587,1.025131505,1.331997693,1.221667105,1.618440304,1.30770964,2.287026394,0.677925849,1.917290793,2.072293609,1.880838486,1.311790707,2.000977258,1.857724312,3.196039829,49.71845359,1.261632396,0.795610365,1.304508423,0.810879633,0.35791628,1.351157162,1.304163,0.954541574,1.268914249,1.301820509,1.513478501,1.32229181,0.394525984,0.999860962,1.339010758,1.181113361,1.032099103,0.931732914,1.257275278,0.900445188,2.713427963,2.080822217,1.914412149,1.718717611,1.688316855,1.499761592
64,2.270616362,41.81822334,2.145708237,1.27645602,2.391885619,1.747253913,1.35724198,2.024344101,2.304440834,1.74940261,1.694048809,1.662880478,1.601499111,1.616974793,1.62453948,1.940098744,1.728882497,1.546051035,-0.0854587,0.108387355,0.963457215,1.513164505,1.072208473,0.050082518,1.763998862,1.372512228,1.223358048,0.463594065,4.113726966,87.16441471,1.653185087,2.593992172,1.529290973,2.215192548,1.429138242,2.223167941,2.197669469,1.894932937,1.652763064,2.534024682,1.83019853,1.869504599,1.746454384,2.139823342,1.768396347,1.77827951,1.443328984,1.938636913,0.966900054,2.129748158,1.102459701,1.89273598,1.614332501,1.754965046,1.174848295,2.332398588
65,2.486418886,97.56174237,1.271977785,1.388086644,0.338783698,1.962139043,1.069676661,1.563242924,1.33507757,1.745847365,1.844889511,1.187586281,1.789895724,0.912379662,1.223770681,1.036353444,1.223028317,1.357979785,1.157407555,1.896567279,-0.028376809,0.27802068,1.125692781,0.660935514,0.156916967,0.681166245,0.381261086,0.057258907,3.307005003,66.57795383,1.339026922,2.23204305,1.617405816,1.570423164,1.983511046,1.757072449,1.732391265,1.517448316,1.076350152,1.476213946,1.122273052,1.392384777,1.185640464,1.698706374,1.015556475,1.499348321,2.064423497,1.596006895,0.917764633,1.085664221,1.142669655,1.39385608,0.919797539,0.976560556,0.95021987,0.660452595
66,1.642565891,57.81966474,1.081593014,0.53788704,1.6903333,1.694740448,2.123606709,1.703193307,1.360155882,2.081484942,1.536421329,0.495666237,1.673418903,1.145894882,1.588059381,0.736593378,0.617586078,1.674636439,0.774520964,1.112081934,1.026055369,0.665495533,1.2190641,0.34104198,-0.05168514,0.749503485,0.208370679,0.741833327,1.516603254,68.18454352,1.041750978,0.646414766,0.949513967,1.705167001,0.805347376,1.566381202,1.450736679,1.764478309,1.524326578,1.39968617,2.13134528,1.791712106,1.770001339,1.660014311,0.515314219,0.411024461,0.959310998,0.494705422,0.393435503,0.371727291,-0.06329123,0.008324841,0.176071752,0.615414673,0.590500798,0.825888054
67,1.644243227,86.81472949,0.828080733,0.655509676,0.895700388,0.746910036,0.432826971,1.465166417,1.321109574,1.542895421,1.090074457,0.696549978,1.707166013,1.818136196,1.994825077,1.986157869,1.639776596,1.593529361,0.926703776,2.019294426,2.834673275,2.065604473,2.059522822,0.38915434,2.253289714,0.872983807,1.153643101,1.546681322,3.446127481,10.01331932,2.038674856,1.146717961,2.02444634,1.783989712,1.709858169,1.776225318,1.817836236,2.217139954,2.197931321,1.571801352,1.594808465,2.293109563,2.17851879,1.997518056,2.40302239,1.862540969,1.849327189,2.237623004,2.016732316,2.74075778,2.179921062,1.600545637,2.142329202,2.106108947,1.865408792,2.826861169
68,2.195895297,83.73537387,2.203848107,1.490824564,1.019352509,1.599006464,1.700371893,1.713687681,1.953244674,1.339830436,2.243593897,0.862991445,1.369037283,1.678957785,1.802712126,0.918690337,0.904711973,2.189990381,0.048805893,0.41868104,-0.327223671,0.659479115,0.069891717,-1.042158979,-0.134586214,-0.047180222,-0.051251678,-0.237679338,3.211137249,58.76692759,1.547772545,1.638849715,1.189606256,1.141431925,1.359946774,2.002933316,2.042050816,1.695955282,1.211890453,1.475746345,1.055339685,1.351482031,0.871827171,1.916489015,2.080877565,1.518145004,0.472706476,1.68901384,0.690792245,0.585149083,0.471259763,0.207498264,0.116281315,0.169260489,0.356444838,0.814805721
69,2.102821619,34.19888684,0.776429077,2.094730317,1.105720478,0.713616762,0.182684837,1.706743814,1.755970582,1.162244472,1.76670635,0.783928348,0.92482149,0.690777089,1.540172359,0.880004829,-0.340784437,1.057894486,0.373254095,0.118339702,1.257575249,1.527832296,1.525217446,0.396345476,0.842354558,0.579453623,1.080171314,0.391996224,2.898834118,51.46679873,0.973143149,1.037330615,1.290179026,1.448581409,2.27669763,1.431437688,1.298125022,1.237820035,1.765034344,1.620600773,1.68578939,1.521024009,1.770840535,1.224038428,0.866696744,1.428493464,2.463730234,1.670864732,1.920344336,2.027723411,1.763892452,1.38926255,1.463270918,1.830888321,2.124249853,1.796864478
70,3.294802778,63.2093818,1.206751717,1.600491842,1.62966883,0.762535049,1.033761673,1.594592147,1.976613193,1.766476596,2.484945741,2.205017966,1.620662728,1.938998134,1.424254724,1.306721236,2.208907611,1.439280344,1.445373105,1.818656394,1.003522858,1.845087985,2.418865286,1.896394035,0.49969946,0.27961308,0.918024939,1.090829191,3.201212135,27.58247455,1.828301467,1.05846695,2.04486945,1.216772397,1.231368464,1.217693372,1.222583335,1.034270992,1.076907931,1.325499901,1.448296811,1.408726513,0.807718826,1.125024232,1.378155623,1.377807396,1.981205634,1.413183113,1.697709042,1.743766159,2.280147551,1.382900163,1.207800963,2.021495854,1.702519913,1.928570339
71,2.945110685,31.28369761,2.10024674,1.796778881,1.600499828,1.501460946,1.744811023,1.562862364,1.903558243,1.501111405,1.374039763,1.957293091,1.983693062,1.14595471,0.834979163,1.307593284,2.196388809,2.353640591,1.082351345,1.828095986,0.816958486,2.241779985,2.479920279,1.717602071,1.578548291,1.302464535,1.925813191,2.017388682,3.172704995,-0.345125819,1.753821975,1.631427472,1.575325586,2.105203268,1.727747957,1.679780295,1.82862178,1.626962001,2.064257069,1.207433565,1.128599737,1.309276348,1.187746975,1.553814436,2.023636502,2.312861814,0.521182663,1.007827555,1.668345104,1.464888255,1.81585344,1.136130326,1.38349279,1.209275526,2.224162985,2.14054832
72,2.426068342,13.51563022,1.173931106,0.862371153,1.057521988,0.822447014,0.706689606,1.783478727,1.682209897,1.455439002,1.24248432,1.542633995,1.292704847,0.785142473,1.691552069,2.264038446,1.235684421,1.332693988,1.017445205,0.627899181,0.582111168,1.356196616,1.291065424,1.360916364,0.518750995,0.630891081,1.010737696,0.591782312,1.965312127,-25.10797526,1.187193866,0.801144427,1.450024303,1.448969956,1.545460265,1.768301404,1.880616652,1.516383166,1.949798604,2.038924951,1.944840092,1.739733747,1.793915619,2.151948581,1.890083413,1.230417236,1.389086318,1.566333736,0.640864921,1.616309378,1.232924307,1.135984305,1.124462587,1.637382281,0.522389331,1.134594475
73,3.373614188,44.05511068,1.006652814,0.461178219,1.476944055,1.439369392,1.428936816,1.522509062,1.482553406,1.942467957,2.642839113,1.845210398,1.130112914,1.410687039,1.481686344,1.786676345,1.786861657,1.342795922,1.81872976,1.665287874,2.430837695,1.575098156,1.594213032,2.278362639,1.495611332,1.111359862,0.878313889,0.94487958,4.158203109,4.553037129,1.282222062,0.923491438,1.706699879,1.437838285,1.869422133,1.486226834,1.569798398,1.584867355,1.164464737,1.203805225,1.247056434,1.748945185,1.39640355,1.2228017,2.321082854,1.863949429,1.664009918,2.062721609,1.536651918,1.957827707,1.147090167,1.664980813,1.779173244,2.290367889,2.02007163,2.364845105
74,2.173210684,84.8994255,1.524571117,1.269492365,1.703081223,1.39555549,2.196712664,1.421685348,2.007149934,1.54084856,1.454726205,1.345846444,1.713105333,0.973729831,1.997524805,1.513097463,0.653835765,1.336795074,2.600889368,1.470136601,1.593733893,1.593610652,0.593163982,1.263066391,1.427082224,1.258880456,0.913881837,1.28464996,2.909308443,-8.499323916,2.190713549,1.351070653,1.579903348,1.53755786,2.025350902,1.484035441,1.369041212,1.135168355,1.099745688,1.22411362,1.766031736,1.189914823,0.920837428,1.358634234,1.71315573,2.359137469,2.161761321,2.060691973,2.098524059,2.532364108,1.995703645,2.048028951,1.648563251,1.760469879,1.89316324,1.621039803
75,1.090140672,41.1465194,0.834537195,1.314084072,0.987565715,1.177750386,1.634096379,1.891149925,1.718925985,1.458958074,1.114730898,0.959756639,1.512729524,0.806388957,1.508247644,1.141032588,1.533900296,0.694106912,0.1037486,0.747623264,0.148180666,0.602679409,0.941700402,0.211169124,-0.094718156,-0.188307982,0.45304195,0.162580526,1.509622635,77.42688027,1.489278093,0.903927935,1.378365319,1.352226703,1.20312915,1.303973969,1.168978669,1.149324874,0.881333278,1.259407457,1.357924208,1.380653305,0.531523828,0.947093819,0.770508456,0.03401484,-0.142263202,0.573052309,0.537178738,0.609018027,-0.140741925,-0.014278143,-0.052629285,0.138083282,0.710739374,1.102887104
76,2.647883064,80.98540752,1.614890076,1.70373478,2.183464228,1.712955999,1.691912045,2.011489316,1.881531587,2.368379664,1.912937159,1.574719376,0.608065956,2.066361841,1.727326535,1.689095303,2.000469982,1.61475002,2.281189444,1.46575022,0.226154557,1.300864586,0.168686653,0.226021185,0.297226424,0.193610844,0.737583931,0.339500531,2.558898376,42.65440723,-0.261145117,0.339127569,0.532417144,0.6212065,0.328819832,1.33593274,1.342797438,0.890666796,0.181113018,0.817774238,0.497068961,1.308061851,0.960732738,1.173312837,1.413657138,1.597201363,0.686829207,1.376786094,0.631315926,0.903841918,0.09167746,0.627443857,0.67925829,0.747150646,0.985505118,0.486390927
77,3.37248031,91.70369625,1.711019124,0.99478405,0.980757966,1.239210728,1.085317503,2.086927045,1.730530958,1.882509985,2.070041615,1.537639303,1.615736741,1.650855015,1.465535738,1.592486687,2.366613782,1.410609474,2.208186136,1.539829755,2.377280862,1.799720228,1.62821082,0.837425301,0.129575774,1.174147856,1.728706496,1.803227762,2.20246136,-0.363672925,1.369085052,1.239438103,1.455352292,1.986193127,1.426005448,2.040279719,1.979680219,1.70414229,0.943135994,1.621442313,1.183327403,1.900434685,1.072769129,1.644484113,2.277585013,1.594140326,0.004750764,2.108261142,1.114616896,0.778347591,1.051523587,0.05804242,0.887972372,-0.019893424,0.865697003,0.825631616
78,3.110783448,37.27208205,1.489981618,1.118715714,1.40766801,1.416697499,1.103982452,1.716173982,2.06729821,2.444913395,1.632609817,2.270819893,1.697069151,2.584475403,1.6570953,1.075602991,1.325339956,2.308986044,0.908897304,1.52546827,2.103995956,1.10567933,0.754481524,0.262003351,0.531670013,0.901657777,1.030886557,0.694424604,4.363639948,5.501164508,2.288548017,2.084858973,2.583705839,2.209095482,2.132443062,2.121318262,2.182839169,1.92837886,2.007681409,2.082223299,1.693066493,1.715692508,1.858684784,1.936897215,2.035420316,2.301632983,1.664070666,1.530920427,1.767844533,1.888747689,1.352986194,1.526249811,1.457081134,1.656695257,2.485861933,2.033734517
79,2.046999865,65.12527623,2.13228918,2.684626717,1.570726402,1.82379113,1.617789784,2.442786904,1.71839867,1.871659951,1.340231666,2.197155806,0.919361507,1.913251769,1.114378623,2.147843076,1.793922149,2.316176658,1.115462504,1.322199628,0.599506828,1.531352345,2.248717635,0.840849942,1.580046575,1.581162604,1.423442537,1.360297305,3.089103892,65.61648866,2.050855927,1.735446102,1.914607119,1.600656618,2.153579555,1.747700327,1.849700973,1.72752054,1.158095612,1.505953303,1.385555301,1.753969081,1.128319463,1.886662411,1.510389095,1.409863566,1.512282121,0.149286215,0.660979001,1.067825493,1.31039524,0.912801649,1.288002067,1.762719617,0.799158498,1.259524429
80,2.160017266,114.3874686,1.10940746,0.85306179,0.267405449,0.663574261,0.072235893,1.55417785,1.26623626,1.197980365,1.790038157,1.074329782,1.391629766,1.002566945,1.536770436,0.606689623,1.331252881,1.865300153,0.464606215,0.335847001,1.815643839,0.514701219,1.101864984,-0.490540184,0.771688618,0.81214134,1.125048355,1.442672158,1.905559408,78.77512284,0.834506915,1.13263976,0.434866397,-0.001292396,0.727507603,1.062986981,1.205141397,1.104336618,1.16519705,0.734921343,0.503774294,0.882732383,1.29647543,0.833007693,1.210796988,1.261678256,0.326071978,1.080134395,0.662770245,0.728806897,0.448438352,-0.546762202,0.358119976,0.43966701,0.612510912,0.109732691
81,2.698825852,31.29023501,1.333008563,1.501376481,0.216357562,0.903803147,1.37678865,2.412100098,2.443879696,2.126148416,1.707978732,3.093822494,2.072487644,3.001717256,2.395499703,2.915789268,1.435407548,1.727647297,1.290720928,1.420226545,0.570428328,0.770733523,1.599539201,2.053790554,1.49923489,1.156588584,0.800066796,1.035329715,2.828948315,43.58002658,1.636126979,2.043941215,1.544059289,1.491943363,1.732552771,2.014714296,1.80524566,1.613880549,1.78724358,1.970727159,1.990633241,1.460381401,1.512145005,1.992866563,0.871051296,0.667812032,1.793099344,0.961389866,1.139447999,1.439030284,1.505615597,1.290390425,2.296384295,1.251240807,1.205316701,1.722601412
82,1.566290258,47.82184317,1.405325101,1.170260699,1.358181597,0.943937665,1.219493198,1.796750553,2.005571573,1.851919885,1.892037883,1.844532932,1.581867451,1.770111442,1.005355471,0.83784718,1.063504004,1.294537266,0.548184958,0.734039308,1.384375815,1.605410601,1.424980622,-0.114256405,0.676382384,0.894095981,0.497345161,1.142417985,3.113522265,10.34353607,1.829145339,1.587339466,0.933404357,1.411709371,1.125857423,1.707503852,1.625967921,1.895701935,1.888839346,1.229105391,1.045234061,1.427755035,1.655141552,1.594789642,1.995389997,2.060114391,0.888933241,1.417249765,1.086555024,2.06494106,2.051903974,1.35467836,0.506456596,0.717860621,0.98757942,0.619606124
83,2.654978027,72.92930867,1.542168237,0.771500503,0.907334644,1.687645755,1.323752904,2.064027772,2.030996841,1.953858757,0.547745927,0.523681185,0.569092768,0.98227111,0.972587318,1.438279448,1.585567757,1.939261749,0.747566438,1.238723887,1.346506041,1.572998864,1.259433434,0.778806093,-0.008357106,-0.021178725,0.87008063,1.323146977,2.707816972,67.3419797,2.169727382,1.403656408,1.520713099,1.913007451,2.395003927,2.345489199,2.477735921,2.237976483,1.958942211,1.984288514,2.379263826,2.086720516,2.64595836,2.366974801,1.655256043,2.159839378,0.470856295,1.358184996,2.230666319,1.941389857,1.315564517,0.9477148,0.840490103,0.692424196,1.544936158,1.929241963
84,2.949826555,65.2985952,1.710915071,1.805540617,0.981768757,1.47720291,1.532359364,1.76414817,1.854427506,1.646660191,2.433550839,1.199103458,1.616654567,1.619965207,1.875057553,1.724318056,1.00565728,1.016705942,1.578460657,1.738316607,0.821505038,1.797052436,1.170658771,0.794032994,1.248837558,1.101982356,1.726706088,1.113645485,3.26630607,79.27382182,1.917156948,2.207596976,1.70390356,2.512794447,1.716686919,1.299260631,1.2057188,1.718696766,1.218974027,1.405719267,1.744624455,1.827958877,1.310585296,1.655896868,1.908493278,1.461257904,1.337664084,2.486093753,1.414248935,1.40429758,2.293734642,1.766138655,0.535045441,1.472086772,1.775552707,1.881798488
85,1.812192699,-16.07874701,1.615125624,0.309631191,0.376416209,1.244950683,1.40893693,1.966168398,1.880695355,2.175016345,2.480037339,1.762531355,1.338784756,1.926283668,1.73676737,1.972986259,0.210936544,0.330407263,-0.92223118,0.150239387,0.662597308,0.651874277,-0.884511949,-0.07152239,0.616707321,1.096507612,-0.299718675,0.430720707,2.878692578,-0.470277553,1.478931633,1.602629829,1.56346721,1.242741552,1.498927528,1.452137483,1.496299612,1.622966688,1.211014747,1.755055169,1.362364917,2.140510421,1.347977832,1.422620136,0.889921037,1.402014748,0.574711134,1.400679633,1.080594282,0.948622726,0.588244547,0.690134635,1.11327186,1.377297551,0.358007976,0.846836636
86,2.621573761,70.40904468,1.06032503,0.506995799,1.389654944,1.233313843,1.176364258,1.542897765,0.93123218,1.707796438,1.623437236,1.298691057,1.010090313,1.182050171,2.120556424,1.781737552,1.40626481,0.822882897,0.110945341,0.798909353,1.658717771,1.680138982,1.856243784,1.826665732,1.388785019,1.132891606,0.730130977,1.037795398,2.08560012,0.476597292,2.362964405,1.877459763,2.491680559,2.204089885,1.774397155,2.229638182,2.39266544,2.517651004,2.659993433,2.315411346,2.454601826,2.185964969,2.764796906,2.092131505,1.138018944,1.939403126,1.253211148,1.690643494,1.948782218,1.489834606,1.697278695,1.871123621,2.073623296,2.403150228,1.411232308,1.109079177
87,3.267370789,78.54029441,1.970334246,1.22199566,0.751837927,1.79644486,2.135224608,2.061799832,1.602818956,1.932900028,2.234267478,1.471919147,1.758127393,0.717723371,1.96980387,1.434545914,1.326543354,1.832108206,-0.310001591,1.267166105,1.049317418,0.549735181,1.311889243,1.252226341,1.38359614,2.223152203,1.841165115,2.619364263,3.975273737,95.90233099,1.995912762,1.733603362,2.127260338,1.571319597,2.482953673,2.785753563,2.866362654,2.301626658,2.979354349,2.549767238,2.732607902,2.06324686,2.472252382,2.273795649,2.280105295,2.42953945,0.674137143,1.944249678,2.523161981,1.941217527,1.408091701,0.292083618,1.752381136,2.351312016,1.759859144,1.260383357
88,2.196929145,51.45097285,1.368042084,0.707401758,0.802184413,1.644875416,1.184159789,2.130722649,2.074221806,2.001610033,2.284882674,1.574414957,1.633122252,1.773947601,2.019093655,1.367101541,1.635406127,1.214656855,0.753791751,0.748630866,-0.022491025,0.529814778,2.3172909,1.446328366,0.913415175,1.223252385,1.118609584,1.170575969,2.484393593,8.154801734,1.763132111,1.053634698,1.780027288,1.237134285,1.613842878,2.030943836,2.216003551,1.991482603,2.009359693,2.046546063,1.640904326,2.219826131,1.836924419,1.97524175,1.402739744,1.398837807,1.118680233,0.76407678,1.187653032,1.426589578,0.903285898,2.011174137,1.435965024,2.152721541,1.201923146,1.607502511
89,2.135851944,68.22780144,0.656590129,1.29779189,0.973741329,0.995258947,1.683447908,2.137655773,1.466932344,2.078014691,1.559458116,1.073734313,1.089441835,1.764582074,2.162253223,1.531134175,0.265997291,0.87611975,0.953329341,0.486693073,0.27719171,1.314452532,0.756892552,-0.388016902,0.404503056,-0.316067323,0.715429782,0.979411706,2.333098166,64.8503985,0.969553524,0.897236244,1.186457971,0.800929914,0.687691697,1.060308551,0.937376512,0.96694458,0.955087436,0.935398087,0.936824467,1.465141641,0.927651388,1.001142117,1.08378889,1.518195807,1.415433405,0.876786414,2.768814859,2.044402898,1.383604244,1.331623592,1.311639346,1.668901261,1.823733904,1.570259754
90,3.467481338,41.20722207,0.927100134,1.046937673,0.566866357,0.272428445,0.813164719,1.568564478,1.606437727,2.014936278,1.528751859,1.258325144,1.116604547,1.515862791,0.962106857,0.904655826,1.058886825,1.134527864,0.49863226,1.287238042,1.397727327,1.072540948,1.879451232,0.821499578,2.074030857,1.404134912,1.041390818,0.094650767,2.293019521,-24.47248949,1.246255034,1.817094955,0.399827416,1.23247015,0.948073105,1.757178699,1.887341615,1.408532171,1.643568904,1.657870213,1.864586219,0.933016625,1.462579238,1.466039267,0.771259995,1.328445146,1.86308375,0.892477932,1.243608114,0.762010616,1.311068399,1.231875064,1.805980342,1.422318934,1.463280576,1.203734508
91,1.784766822,31.66119459,0.936904602,1.565699183,1.574000186,1.360133815,0.743835441,2.162063024,1.940844548,1.946873027,1.803402393,1.571598405,1.532643744,1.389774718,1.51723156,1.129138522,1.447542194,1.129793356,1.093904666,1.211255773,1.583656041,0.358700521,0.378723692,0.552999245,1.345959313,1.483394587,1.359148836,0.916886915,1.568992781,47.251959,1.295726215,1.704983001,1.570770711,1.642340414,1.426330754,1.862912224,1.749314161,1.161647469,1.217811826,1.749557804,1.436112468,0.876560808,1.545939202,1.644487626,1.473807815,1.676733684,0.813812561,1.462615829,1.362920815,1.035550821,1.441441781,1.406048162,0.397826445,0.35109743,0.057196228,1.148116452
92,2.804612317,70.48750291,1.895515638,1.751780596,2.341607633,1.374546376,1.599011463,2.069481074,1.423770429,1.876718663,1.23098692,1.915276183,1.472288123,1.494349815,1.291258561,2.032334408,0.835296192,1.624157839,1.076817751,1.470522613,0.263954208,0.985724691,1.264274491,0.825469057,-0.419558177,0.11336734,0.608625691,0.417217864,2.956856519,95.03370008,2.051650614,2.057722007,1.544101159,1.714712805,0.868567647,2.163576841,2.233559078,1.856230908,1.679831448,2.12226744,1.617704551,2.276796458,2.220755268,1.955722706,1.557786023,2.02221968,1.938557518,1.180752568,1.350307124,2.199557564,1.427879741,0.518207479,0.539466527,0.572480955,1.411743202,0.994051947
93,1.894198064,104.499095,1.187420562,0.492553755,1.27836764,1.375703954,0.968104868,2.084692531,1.848049877,1.659677778,1.703433486,2.196012532,1.558554043,1.549881777,0.757337479,1.048109721,0.720760577,1.322157367,0.205689324,0.900875775,0.03953002,0.225545568,-0.549588996,-1.244377515,0.86089745,0.586182343,0.827731821,0.636578486,2.257302559,70.33380861,1.68396377,1.686157761,1.299191939,1.637080015,1.854342087,1.905549018,1.720831323,1.700431782,1.649276533,1.628175447,1.777457027,1.371732082,1.909742393,2.058790196,0.684957607,1.309528866,1.375551579,0.018833427,0.601802882,1.300982004,0.855700765,0.657240886,0.240757346,0.741802094,1.553457327,1.610272791
94,2.294818782,11.71044015,1.164866703,0.448396804,1.758338885,1.355937904,0.904591073,1.726261546,1.616355941,1.971318618,2.272883314,0.845081414,1.686204816,0.985035062,1.970955389,2.665819557,1.297888456,1.375256701,0.929372444,0.385268504,1.827196849,1.223183533,1.022063349,0.953300537,0.350034052,0.301810303,1.255648102,1.375222485,2.362735361,21.65494889,1.533113386,1.352000198,1.391007771,1.61821777,0.92116916,1.344348234,1.328690795,1.401481889,2.218999027,1.182768185,1.438281579,1.368216247,2.031042874,1.86192033,1.834521792,1.570889108,0.963627726,0.657791543,1.317046078,1.503628273,0.770111693,0.873819181,0.495686111,0.59230127,0.718115581,1.009031234
95,1.648926374,44.42011519,1.626163207,1.616310545,0.536407533,0.834326974,1.627533242,1.800695235,1.504239315,2.158357315,1.306807649,1.585263384,1.737729929,2.234993752,2.321957787,1.720578166,0.896307011,1.420443919,0.907765865,1.088726888,0.447735262,2.133522515,1.509651468,1.03783982,0.743192032,0.20231432,-0.200075212,0.403677162,2.65575885,7.271009362,1.402017522,1.569089082,1.546931311,1.443566581,1.617861283,2.0944406,1.908515131,1.607545817,1.668409827,1.605444335,1.40681529,1.943316916,0.844978873,1.407671331,0.678952642,1.230619291,0.972874704,1.15413642,1.282727403,1.029877184,0.888503929,0.316022961,1.062557139,1.003164327,0.200085009,0.756905335
96,3.963670395,114.368077,3.17708875,2.421486865,3.252580736,2.28628449,2.403407749,1.922186708,2.213626743,2.316811418,2.218476814,2.284017032,1.748699585,1.626233916,2.015496269,2.85548519,2.658948709,2.871318078,0.913802285,1.324205647,1.684986943,1.998299533,1.068888644,0.635274896,1.150798307,0.564515096,1.461245795,1.174400163,3.893451208,83.56618435,2.008421214,1.706012751,1.680788015,1.925388705,1.487515777,1.754163415,1.901696005,2.2435938,1.991920059,1.364675906,1.224192911,1.390465529,1.641387892,1.443774518,1.0623434,1.67286996,1.289954364,0.909024456,1.606447922,1.364977921,1.156622354,1.242426024,0.846473792,1.050023836,1.255093913,2.080375626
97,2.609486111,56.40687469,2.337467512,2.067074156,1.012573747,1.808068964,2.558432762,2.116977124,2.116019147,2.224097076,2.330887676,1.772855246,2.031251155,2.345868075,1.551156999,1.396140774,1.752909161,2.155414391,1.623643876,1.30222601,1.341584939,1.654809494,1.152177806,1.181577051,1.006506585,0.725887341,0.990255086,1.083448896,2.387842686,21.05526904,1.363078445,1.627990981,1.157533378,1.093278096,1.673023109,1.776185138,1.625247423,1.50218932,2.211227695,1.834675121,2.195956597,1.841060032,1.524468744,1.704335496,1.211144766,1.695665734,0.508912023,1.148781054,1.731760182,1.195815813,0.639214084,0.162006697,1.271648677,0.524016097,1.13231816,1.453250957
98,2.636889536,70.03668144,2.206096293,1.405445838,1.297288216,1.296479512,2.128677512,1.662190154,1.662700719,1.604756471,1.547093611,2.264652121,1.236452461,2.187348564,2.083640163,2.521639991,1.659255793,1.604688635,1.638220535,2.236535886,1.585290107,1.117199794,2.486629,1.876666002,0.844590782,1.027631225,0.948437804,1.003408905,3.402515755,26.98240838,1.917682549,2.369731311,1.807437581,1.320181323,1.533475214,1.237117674,1.163097421,1.193732826,1.519574413,1.659567247,1.74561408,1.563655343,1.590824596,1.893305335,1.866400047,2.091195753,1.583116946,1.954187127,1.987223756,1.675654975,0.920630482,1.68586449,0.494505029,1.742331389,1.937127497,2.071618072
99,1.623004587,79.45143472,1.937778079,1.313199216,-0.101722696,1.377783499,1.648577898,1.887919108,2.010311198,1.627505676,1.288939915,1.241192555,1.488718664,1.056951825,1.461109193,1.145321215,2.460152034,0.903983368,0.892269741,2.207896354,0.859906019,2.163012497,0.817307064,0.16669831,0.848439531,0.057056389,-0.196347596,0.468214486,2.54957773,29.76615834,1.364774047,1.814969283,2.027926648,1.147090902,1.115895319,1.993219491,2.121430456,1.29371687,1.850899061,1.67375056,1.43943055,1.777409806,1.342937882,1.668388198,2.538577234,2.294261153,0.824799953,1.901588915,1.299330652,1.591145239,1.520472996,1.547371936,1.440432177,1.388573348,0.905715972,1.527240918
100,4.125934078,117.225209,2.189229494,2.37205526,2.259899297,1.723802882,2.041624247,1.865322128,1.88265745,2.005341223,1.725399132,1.749714192,2.011143976,1.889885769,1.619062853,2.330330272,2.444510184,1.648090538,1.484238188,2.190699031,2.134783408,2.274415764,1.708845797,2.393852751,1.310653209,1.520355084,1.496959523,1.10123091,4.387812181,71.42416627,2.392948732,1.855644587,1.550317653,2.172690039,1.889519306,1.674877207,1.662371696,2.071536863,2.254512611,2.062386046,2.072591104,2.430609139,1.810367767,2.37256148,1.606035214,1.001156709,1.531542216,1.919660526,2.308639459,3.184505081,1.738995617,1.644846141,2.251381095,2.081721923,2.662133797,2.655396487
101,2.630857171,63.65660814,1.727017538,1.540083415,1.275747515,1.296974496,1.079751856,2.396953522,2.174879302,2.53302496,0.693092389,1.591508972,1.190608098,0.741826999,1.672853671,1.998429395,2.089535407,2.218123207,1.375668702,2.045919428,-0.248509524,1.410658168,1.057748152,0.684647692,0.804644791,0.131794026,0.814901183,0.362815038,3.362233435,108.2782753,2.247908439,2.226369955,1.974887834,2.002633361,2.208447291,2.290330524,2.582837183,2.34507635,2.402165434,1.952676485,1.774557554,1.951255736,2.041963096,1.791926135,2.546921349,2.224343891,0.685128869,1.503099813,1.993388012,2.153254087,1.669925093,0.251258594,1.277893113,1.439869723,1.240544088,1.790392526
102,4.004064154,70.51226077,1.433564378,0.986269019,1.223241788,0.989260802,1.479955317,1.694238176,1.63189127,1.637302338,1.393824358,1.634575672,1.483625755,1.975410691,2.304905432,1.777919259,1.85943828,2.639214201,0.442779968,1.719017646,1.160284486,2.129820918,2.036798073,1.380785166,2.178588229,1.792962743,1.225744929,1.297620838,2.841192615,28.82095913,1.199697779,1.13735243,2.203230909,1.410420613,1.67128931,1.271946728,1.259436791,1.561263106,2.092054994,1.639132171,1.602489431,1.533352561,1.918821542,2.255054771,1.099676806,2.119787497,1.880405665,2.042206703,1.622607204,1.840122135,1.719033233,1.314723717,1.468222977,1.831865657,1.982672767,1.447477558
103,2.40737164,92.83131502,1.553086389,2.795642557,1.601666618,1.373183648,1.194895841,1.874835766,1.641194798,1.237040012,2.160302018,2.384598532,2.051449525,2.063306333,1.475575896,2.186635401,1.818664388,1.252842005,1.773922898,1.519597588,2.619414921,2.4202276,1.780276139,1.221039948,1.404719935,0.988881899,0.961839679,1.143373639,3.558765881,90.41808643,1.809938595,2.244682594,1.69302308,1.880750866,2.425351364,2.229635143,2.254211254,2.359420452,2.31472436,1.815453,1.531559075,1.693390464,2.177822253,2.074133475,1.505086345,1.651614468,2.746469037,1.870972622,3.036071095,2.626747699,1.718524142,2.30673064,1.43591026,1.445528435,1.118483034,1.459357061
104,3.408726109,51.8862281,2.021278255,1.25244756,1.273539756,1.108269477,1.373667117,2.179471488,2.397382879,2.204519681,1.784480678,1.909515234,1.657834619,1.854755438,1.952681208,1.526833394,1.280349882,2.155615681,1.282101346,0.945902318,0.795672761,1.591029174,1.651976419,0.015317649,0.75821514,0.57900893,1.045458944,1.779932154,3.026470543,-25.32332951,1.94795168,1.966014298,2.228257176,2.14499496,2.657849024,2.488673294,2.566527264,2.197347642,2.076354074,2.427734421,1.796327807,1.812746371,1.866556623,2.294014669,1.826985985,1.911822342,1.029789751,2.108917193,1.932539401,2.174652942,0.711839979,0.966670842,0.991309935,1.662104306,1.737555164,2.12261406
105,2.536162899,23.76785509,1.641900721,1.60731689,1.904652987,2.067527723,1.354626029,2.035218254,2.073042375,2.47269736,1.878963994,1.802685468,1.255733596,1.790163307,1.512909798,2.228343003,0.925717012,1.421476436,1.857018929,1.313078038,2.252618792,2.528154356,1.739209674,0.477577077,0.448612149,0.09621642,1.654237173,1.238907483,2.714451282,83.1689665,1.44087116,1.434939686,1.526564854,1.779183596,1.754371646,1.946473516,1.803365156,2.110337783,2.103439921,1.979198285,1.521286531,2.033307591,2.308664509,2.208939268,1.871144742,2.183291359,1.077949962,1.273845418,1.632601908,1.913940389,1.713496207,1.272063661,0.88662344,0.899217201,0.246013119,0.664003502
106,1.981412274,78.76623416,1.475334721,1.227836848,1.241817105,1.391270561,1.250896502,1.898086173,1.959677759,1.669282227,0.940296361,0.798928808,1.058195871,0.166458657,0.557495145,0.706742104,1.433522339,1.27978271,1.80121847,1.405607913,0.60137121,1.045473932,1.262010728,0.399663453,1.267785992,1.369327884,0.813316406,0.345552205,2.664079747,84.73894328,1.522025047,1.371106314,1.086565353,1.37687985,0.982343794,1.708750775,1.657185878,1.575488097,1.601502519,1.00436951,1.296205396,1.079531818,1.998901352,1.695578687,0.975214062,1.41173263,0.680526714,0.714890056,1.507749264,0.883104945,1.392097853,0.76545146,0.996093534,0.173280538,1.785255606,0.808051775
107,3.582617967,34.26654163,1.905401819,0.238324714,2.099210479,1.495718505,1.544649307,1.852561248,1.831579072,1.691284457,1.982395805,1.426653895,1.71311603,1.54277578,0.816784828,2.341855473,1.367160202,1.643654142,1.11579211,1.030524708,1.418702556,1.060727065,2.147038247,2.246055514,0.914960156,1.318295524,1.159109304,0.233986854,3.996132335,80.45576727,2.634271073,2.054258089,2.315546319,3.050854694,2.716982934,2.055317258,2.09527423,1.777036962,1.4189197,2.716006125,2.602398951,2.206760876,2.307683405,2.408427486,2.45005465,2.339356782,2.352416153,1.818256985,2.7414602,2.431609919,3.070142522,2.191993116,2.728613033,2.921843622,1.920006865,2.36110463
108,2.632781011,23.87114669,0.841328601,0.897305088,1.799629803,1.688055166,0.564779806,1.974788138,1.570628618,1.732832427,2.398158207,1.020537061,0.803351229,1.017699582,2.075609246,1.762993324,1.771419555,0.91908532,2.098908264,0.432395972,1.1188046,0.684591015,1.606142367,0.704051565,1.953822755,0.116258832,1.34735308,1.166268903,2.509102692,60.03152329,0.921882917,-0.078908329,1.242886525,0.781240109,1.027761066,1.375627627,1.155677705,0.805439052,0.451962329,0.972845289,0.588274883,1.159441454,0.492141401,0.257500138,0.807734372,1.061772496,1.973320565,0.820098346,0.516111129,1.040519102,1.602987434,0.213196979,1.817200508,1.49210944,0.419037125,0.493467703
109,2.05714467,70.4644315,1.251284199,1.205117587,2.251922449,1.612644301,2.266794783,2.420652667,1.982701635,2.686635811,2.141172485,2.465240783,2.325010817,2.025445712,2.201775643,1.357574107,1.671243431,2.036247273,1.703555962,1.268064326,1.637785819,1.988618333,0.553393222,1.150754123,0.884059354,-0.471318595,1.422077228,1.854441304,3.041462422,20.22270268,1.621698894,1.910412701,2.056478068,1.457269399,1.666809399,2.50452401,2.384815064,2.205666639,1.900932266,2.310007911,1.804457116,2.11221973,2.287555268,2.343217879,1.083639259,2.205934052,1.574853853,1.267119035,1.727938071,1.789161822,0.938619189,0.728539243,1.032164974,0.91232547,1.322779702,1.338928695
110,2.042840115,150.6524865,1.769216226,1.241731332,0.584404023,0.293448261,1.182234326,2.326787708,2.226213466,1.739731365,1.63117463,1.663402172,1.267153717,1.379916812,1.092594092,0.877856624,1.233300402,0.736974794,0.159495572,1.027759778,1.285110346,0.638668985,0.366795086,-0.223827305,-0.218360742,-0.264750571,1.535199449,0.932563208,2.151123648,92.94038656,1.907630135,2.310101421,1.715354978,1.564651237,0.882370995,2.169549926,2.431800338,2.064072731,2.259709815,2.164165401,2.096406637,2.159147676,2.210750838,2.12684126,1.904985203,1.995173678,0.519767609,1.629290604,1.418080336,1.218848245,0.676439651,0.577076624,1.384413759,0.561227592,0.793986182,0.079447663
111,2.665612893,85.91003257,1.465028023,0.987907926,1.398279704,1.40090351,1.67568634,2.285111318,1.955755879,2.255663375,2.331527885,1.736707001,1.244660841,1.565759895,1.652642279,1.133611515,1.116804351,1.325882226,0.086612487,1.630901896,1.745908414,1.16978009,1.223288695,1.215747161,0.279208702,0.149496324,0.709539816,1.955026924,3.659069788,63.12051357,2.335147483,2.150269759,2.142371113,2.439509489,1.247488123,1.841887823,1.856888785,1.950608668,1.64413447,1.728275552,1.789930033,1.813405504,1.900405895,1.703288582,1.431763661,1.257757561,1.139605788,1.647734535,2.940969873,2.027003499,1.579962632,2.146778902,1.136665761,0.915505683,2.354724308,1.71810309
112,1.09240964,-15.31143963,0.952367691,0.986305489,0.467264382,0.830975188,0.547141586,1.660636744,1.739485299,1.777054652,1.413469337,2.112441749,1.271064405,1.656824527,1.134646683,1.491301829,0.390280451,1.845916111,0.65046566,0.494034391,0.430779792,0.513372887,0.329119269,0.962259282,1.200486188,0.819450222,0.640890233,0.904499341,1.692771987,32.58620592,1.045929966,0.993231349,0.775668547,0.080428395,0.498088361,1.515372975,1.363658347,1.25951324,1.022911103,0.986684272,1.378040589,1.309395631,1.577510367,1.978910249,0.59292551,0.912721539,-0.016697834,0.567390126,1.086233666,0.90072823,0.876372615,1.065866524,1.122282251,1.206626948,0.551925171,0.020872888
113,2.646762429,72.89507238,1.824215666,1.471593241,0.548453227,2.286186686,1.779115265,1.981453329,1.974475803,2.34110922,2.302889491,1.990115757,2.868755768,1.96812104,2.434334619,1.810897747,2.103098334,2.08884485,1.222317992,2.053759051,1.439605469,1.859423055,0.900858542,0.863049089,-0.710629065,1.259900175,1.034280703,0.827204504,2.52891833,64.44134845,1.972321289,2.214320952,2.026158092,1.917686595,1.429294481,2.666056354,2.556164166,2.54938828,1.798660502,1.805519315,1.869043175,3.09987355,1.540796901,2.395014012,2.002483237,1.875465278,1.609421758,2.312358578,1.688995081,1.69701363,1.485881912,1.758725031,1.101799552,1.200378462,1.376650995,1.196304399
114,2.102146119,14.21246333,1.974654192,1.348202152,1.579863495,1.439630252,1.32175411,1.73888413,1.950047939,1.726452085,1.01191359,1.438990841,1.649769341,1.438671028,1.660000931,1.855174203,0.554390531,2.30819276,-0.642745861,0.214495085,-0.054918075,0.092394455,-0.035550506,0.255904375,0.838566125,0.746270549,0.513584943,1.113829346,3.506204422,30.89293075,1.898821673,1.565425086,2.117181618,2.417133152,2.123552061,2.459117246,2.502602601,1.417041828,1.400167652,2.002729908,2.050232272,1.800276542,1.396046442,1.431620611,2.165230722,1.931461657,0.886678707,1.705053502,0.785376669,1.229022815,1.352848972,0.559076162,1.397271611,1.641177316,1.466820651,1.749335871
115,3.667483765,79.22717377,1.321976208,1.600703606,2.070598471,2.301947505,1.603787154,1.393234004,1.379752409,1.253171742,0.969939504,1.391183771,1.499458538,0.736664485,1.503680932,1.856524747,2.172190113,2.4935034,1.443893801,1.766419618,2.265650558,2.102024161,2.311136001,1.575246431,2.526048154,1.832712851,2.613021624,1.943662764,2.911154575,41.49166155,1.468660391,1.029550358,1.315314368,1.358559797,1.28973102,1.730929641,1.800725004,1.868218717,1.116278817,1.784571686,1.207848073,1.723170561,1.479561517,1.816761333,0.986428966,1.422041518,2.406352467,0.861536711,2.19429104,1.861021648,1.688378554,1.611940591,1.31243379,1.511514481,1.819662942,2.19605895
116,1.290649697,70.94408137,0.71328564,1.252237344,0.540962217,1.287925189,1.348229051,2.169037131,2.015567367,2.286459572,2.089019971,1.834187266,2.001665188,1.584190759,2.04068176,2.221276788,0.946379433,2.290763131,1.203861176,1.205043485,0.970489046,0.922577399,0.084372235,0.154792897,1.527259011,1.265033979,0.512383482,0.6717461,1.428344952,3.911640337,0.444237681,0.990178025,0.247368826,0.60410293,0.468136235,1.924373864,1.661040827,0.981901487,0.466405044,0.953587174,0.315607209,0.686453531,0.336977236,1.284521199,0.670339359,1.223142852,-0.40600038,0.084586232,0.665347993,0.308295985,0.188719862,0.470020247,0.512866877,0.201754717,0.451282834,0.566256968
117,1.634338209,44.43386752,2.002830647,2.325084659,2.238126431,2.587178471,1.953992128,2.08363506,1.775886012,2.104052015,2.813564873,1.592850205,2.676435654,2.155961196,2.198047922,2.436065653,1.733946854,1.411551024,1.252125422,2.470743124,1.265239894,1.74573699,1.630644474,1.008054084,1.108816034,1.726729067,2.440217724,2.321904309,2.537798158,128.6274101,1.79139266,1.773859383,1.446865385,1.868905612,1.820233543,1.962840715,1.893652815,1.611093225,1.399925218,1.670378614,1.830450391,1.444273301,1.62815218,1.533419012,1.713512445,1.446483332,1.063404795,1.434401514,1.922552545,1.297605202,1.848882164,1.880945005,1.021301831,1.190819287,1.633244783,1.944571307
118,1.525365281,8.415141311,1.379699315,2.109660715,2.067359273,2.300485294,2.586959608,2.010514994,2.024900319,2.25014084,2.51662452,2.251593358,1.182564437,1.005915595,1.261191407,1.154813894,1.066618269,2.466339285,1.272824301,1.723563591,0.788936905,2.194929859,1.950914113,0.470059809,0.868354938,1.220071362,0.344093572,0.463632033,2.722314534,56.57372168,1.309143435,1.698193728,1.383999509,1.350990907,1.50868122,2.08937145,2.128681044,1.406105653,1.901143822,1.321127621,0.919095222,1.388722707,1.326875319,1.677314324,1.559737133,2.327059672,1.622811745,1.204978892,1.098041479,0.983919251,1.527697442,1.053262348,0.824801007,1.469788334,1.529387922,1.404177463
119,2.674447152,76.62714537,2.09842526,1.905839337,1.843844334,2.07472582,2.320133789,2.268193011,2.566370869,2.346917599,2.560081099,2.582877726,2.453217603,2.075967369,2.568773476,2.325499344,1.87342929,1.889077801,0.926988218,0.686492219,0.472648952,1.238464049,1.305974078,0.385020825,1.440844658,1.018220224,1.072130754,1.876874556,2.592650257,51.28275509,1.880175628,1.710728332,1.846645673,2.142041795,1.890970415,2.648465796,2.569139545,2.222422695,2.518322867,2.540660737,2.127447452,2.331321729,2.109476529,2.235412059,1.843397995,2.122341976,2.400194912,1.57682971,0.948050776,1.296392395,1.045361814,1.359651463,1.313684211,1.618277738,1.600458122,1.732076413
120,3.954105608,31.34275408,1.59637239,2.128979697,1.944078713,2.029245153,1.621444472,2.109716028,2.323842813,1.757939248,1.730434174,1.331666104,1.729768015,2.22166455,2.406906047,2.435459421,1.82416073,2.475546851,1.470596227,0.415883604,1.892988406,1.960471986,1.874238595,0.824258652,2.065575573,1.683057667,1.42714117,1.844036536,4.025788322,51.15130146,1.975435566,1.404920045,2.665702374,1.684388838,1.942187131,2.35408589,2.364380232,2.163465588,2.333383692,2.156666552,1.764103822,2.237580184,1.81107639,2.162826902,2.416195396,2.213630836,1.680213983,1.616778449,2.452569968,2.151265095,2.066783143,2.280157784,2.495907317,2.199523692,2.097718956,1.906939503
121,1.827159505,1.196020164,1.351993415,1.751852337,1.079716385,0.841118193,0.931218921,1.882491662,2.278252543,2.02177542,1.977027553,1.125615655,0.942215815,1.606091507,2.332978389,0.725523536,1.184898212,1.517369625,1.180314507,1.187263357,0.917780375,0.839653927,0.736963453,0.240724702,1.140821524,0.82867891,1.009208591,1.181520169,2.443247108,34.44759636,1.448242627,1.58920197,0.931574806,1.571650372,1.426455916,1.615839172,1.530262432,1.595143304,1.601774276,2.40629114,2.335795898,2.207835832,2.001609518,1.965787387,1.730257551,1.712810594,1.519196902,1.84304794,1.018523182,1.466089308,1.126159615,0.580855909,0.256002429,0.457036961,1.850856356,0.747430577
122,3.202764449,78.61278814,2.301078314,0.648482107,2.25798979,2.159354238,1.932107706,2.334592306,2.297176951,2.260822735,2.538778544,1.7619768,2.24939916,1.389626269,2.254928011,2.284870779,1.614054435,2.319136146,1.819150507,2.0191592,1.878663903,0.363765132,1.333674564,1.329950126,0.480261333,0.705790748,1.088625766,1.04421806,4.047709849,72.36930259,2.708070827,1.293423057,2.145245394,1.995298582,2.15749571,2.17759505,2.141261651,1.897666681,2.934272667,2.314055144,2.052259631,1.907544537,2.467102638,2.854939942,1.202829744,2.239120368,1.747670906,0.977895345,2.15833206,1.874434094,1.28191426,2.384107161,2.711160598,2.468570642,1.42496608,1.13043315
123,2.969788279,-29.25000791,1.332714832,1.247614655,0.951633848,0.811076743,1.395095927,1.998733628,1.673994372,1.611541292,1.754988991,1.831052836,1.375862868,1.80391551,1.51101345,1.845641708,2.348929044,1.064764034,0.938390525,0.709033607,1.531332351,1.817596453,1.423571139,1.132168098,0.894356782,1.071485255,1.594101087,1.441426581,3.401608508,39.31044068,1.215912216,0.674489786,1.704684208,1.293730095,1.333064403,1.301228779,1.31777142,1.462551755,1.898568724,1.2360615,1.249392893,1.014637476,1.476522087,1.324197192,1.360741156,0.894806177,2.12796001,0.944641491,1.496930247,1.462854438,1.587776815,1.67955633,0.840164137,1.257416816,1.394425673,1.443288578
124,2.698594229,68.21382558,1.167646108,1.13042372,0.853486281,1.302763967,1.026977484,1.88465116,1.768471093,2.012745345,2.141078034,2.00897584,2.58443904,2.519424446,1.827224774,1.524153563,2.105930447,1.708840996,1.489249835,2.215027673,0.986087918,1.754453497,1.668657893,0.919660752,0.774699833,0.785666576,0.927678988,1.293941487,2.183719117,68.83445061,1.324746093,1.550099687,1.495477348,1.246749118,1.693524054,2.200352128,2.176961286,1.65138715,2.419152337,1.854970337,2.053920569,1.593395663,2.193623819,1.903292937,1.317719476,1.408161318,0.970519416,1.74608254,1.771005674,0.959668168,0.856615232,1.342569555,0.132410119,0.731871202,1.163679349,1.326087746
125,2.134733216,70.38757936,0.550466051,0.532186131,1.549372622,-0.132512842,0.268080775,1.386926451,1.26328597,1.656697198,1.259772016,1.207194715,0.15010095,1.133656622,1.23953573,1.043935537,0.933155919,0.649940433,0.638021319,0.714240891,-0.070471455,0.307397904,-0.311376213,-0.132370795,-0.150790872,0.157635094,0.208566535,0.319725252,1.404826404,41.76973614,0.750686796,1.382702063,0.985724007,1.2025765,0.444400307,1.626161507,1.553714527,1.310062095,1.270853343,1.044853267,1.579682521,1.121077963,1.035663222,1.512149342,-0.498672309,0.113623912,1.130722403,1.077193765,0.142191717,0.677021885,0.765612333,0.049751963,1.615822173,1.135728652,0.319009335,0.606580681
126,0.620734487,45.43987182,1.537088619,1.154452274,2.120939347,2.335529944,1.360641357,1.907491259,1.877223286,1.915569661,1.586874804,2.271637033,2.501326938,1.716460482,1.924827261,1.778540297,1.002505119,2.493234977,0.655876944,0.643453,0.771820671,0.436360364,-0.035559518,1.46947794,1.059655331,0.601107496,0.770372369,1.269055371,2.090364888,19.5926812,1.172007075,1.835358324,1.942840244,1.195552411,1.377198318,2.143407959,1.963855936,2.394627681,2.032459582,2.798787373,1.575317748,2.060970514,1.925279737,2.406142147,0.979687004,0.995308854,0.366655005,0.731953522,0.135580973,0.789410907,-0.173530843,0.640545736,0.210252621,1.019094987,0.160734055,0.677942609
127,1.945457603,99.90912253,1.668624559,2.012474257,1.872291886,2.546681618,1.531422081,1.785279,1.965101282,1.389310087,1.299633236,1.136813742,1.41227595,0.899265348,1.456746279,2.414233156,0.89589918,1.502591761,1.408986957,0.980004764,1.833247749,2.122079369,0.87727356,0.4757965,1.755902026,1.312429287,0.589191948,1.065056758,3.64619719,46.18012801,1.577726386,1.982431713,1.807131667,2.040546276,2.277183357,1.696367624,1.597431495,1.725583453,1.451462053,1.387278226,1.521085835,1.222597425,1.622658773,1.616150813,1.573967946,1.902177233,0.877774115,1.154158299,1.434465889,1.4232557,1.436205555,1.172067482,1.593315957,1.664837651,1.193026741,1.276593604
128,2.711182097,71.77303573,1.87555653,1.571845073,1.25655393,1.431580641,1.351916456,1.999429058,2.25662649,1.917472609,1.804352012,1.888444357,1.943052084,1.792147181,1.273903377,1.984796204,1.138953122,2.165281017,1.963692905,2.754203341,1.736993344,1.974211087,2.073356781,1.028469372,1.383592159,1.471735591,1.907613959,1.258439516,3.926877712,126.7903174,1.672453781,1.861232311,1.346256953,2.052255151,1.495350588,2.702509811,2.808932755,2.647867491,1.809766506,2.608772509,2.443798549,2.277362879,1.949857907,2.374987571,1.981737416,2.099198545,1.758546482,1.502973425,1.902593472,2.061194446,2.203857802,0.836142799,1.309755918,1.427226627,1.252027097,0.986428425
129,2.16802687,53.0000347,1.797570577,1.366324709,1.654298915,1.402437052,0.758767542,2.871159556,2.7406328,2.054557162,1.880131783,2.138203613,1.976617497,2.177443123,1.587629214,1.589191178,1.973171003,1.522909403,2.004682966,0.951482356,1.906355906,1.486675627,1.411141631,1.798821215,0.683630927,1.248025697,1.055945674,1.123692252,2.782934774,98.44652187,1.866435015,1.173638331,1.447372701,1.815081049,1.82411613,1.76593193,1.755564979,1.953769508,1.344679727,0.85760517,1.643898156,0.995187697,1.480155441,1.65999458,2.259798438,1.951592382,-0.399356887,1.301641373,0.655202862,0.781022625,0.968166029,0.587905926,1.356184398,1.11580712,1.72759793,1.484460258
130,1.590784886,-6.466418599,1.994453299,1.505604286,2.128678281,1.900346479,1.867232368,2.395105464,2.164161597,2.074144142,1.243382833,1.108009903,1.889917747,1.026683329,1.942129492,1.740497658,0.659166648,1.228399735,0.531324233,0.713892819,0.992678118,1.459268749,1.158121334,0.007992697,0.186456395,0.056727176,-0.036385336,0.431474996,2.772302625,69.46384196,2.12363002,1.570484836,1.511431214,1.967630462,1.861706364,1.937841006,2.037290605,1.916572148,1.539534557,1.710402972,1.980783609,0.90505533,1.71739018,1.650050445,1.400150862,1.251454618,0.192514959,0.252367963,0.429658537,1.130388374,1.41991569,-0.161715703,1.552669684,1.540201546,1.237854245,1.252501785
