ID,w3-assessemnt-result,w3-reflection-length,w3-1,w3-2,w3-3,w3-4,w3-5,w3-6,w3-7,w3-8,w3-9,w3-10,w3-11,w3-12,w3-13,w4-assessemnt-result,w4-reflection-length,w4-1,w4-2,w4-3,w4-4,w4-5,w4-6,w4-7,w4-8,w4-9,w4-10,w4-11,w4-12,w4-13
1,2.215140061,42.29006146,0.48767255,0.673539642,0.618414668,0.810036561,1.567181256,0.033367013,1.039383523,1.428277591,0.478875793,1.30894879,0.703533052,0.704304269,1.424583792,2.427240951,48.24066997,1.114129795,0.749964625,1.720769352,1.053655328,1.155291432,1.632663507,1.525102123,1.349538598,0.041804254,1.93600996,2.073331365,1.785569247,2.066672896
2,2.414285478,39.54240305,-0.045308739,0.147341153,0.348681089,0.141408505,1.284753305,0.667161803,1.128279991,0.587191232,0.206497063,2.090362808,2.2252233,2.386077662,1.643280425,2.898542488,-20.1848558,1.181816894,1.003616125,1.600220553,1.069376784,1.421289262,0.906723985,1.419560879,2.179790926,1.047326418,1.721996022,1.869118818,2.199935773,1.790242954
3,2.93809881,73.53399187,1.540725932,0.726881117,1.07955933,0.235511397,1.645177885,1.820274766,1.222075088,0.692185626,0.139101935,1.107146885,1.643022739,0.91137259,0.411560357,3.088170506,58.06622765,1.229137274,1.03845221,1.76843617,0.833508807,2.671745026,2.072135304,1.802893489,1.336339602,1.388539608,1.786957687,2.099592014,2.060746752,2.234162359
4,1.928054464,19.2405749,1.087129283,1.68447351,1.116936571,0.714721961,1.495991287,0.767637237,1.59637049,1.559188372,0.943890949,1.269442648,0.823332896,1.301742583,1.240572351,0.095115698,37.98205803,1.140312223,0.331686049,1.206195885,0.418494077,1.516214439,1.672002232,0.896107223,1.542907385,0.520557503,1.112806656,1.032003041,0.370563867,0.767748065
5,2.530516136,7.511980576,1.680992733,0.301288279,1.54375453,0.850801188,1.24663543,0.915585803,1.182253216,1.232133799,1.407096076,1.923896342,1.80699292,1.747924079,1.373634261,2.561520022,45.70853442,0.589488469,0.880049963,0.455927629,0.606128707,0.977295488,0.5042768,0.926310429,1.030303079,0.823155786,1.437910377,1.123060654,0.75776374,1.494197856
6,1.865535441,2.742476531,0.773947904,1.217112593,0.43140951,0.457603372,0.562463336,0.320988244,1.634447563,1.070866214,0.270058018,0.233288937,0.557259322,0.784185124,0.810684978,2.259271098,-12.28323037,0.424726574,0.467892238,0.80395886,0.693623945,0.459607628,1.071025728,1.321111457,1.26652704,0.764817207,1.137606362,0.685516335,0.698087463,0.475509081
7,1.76210939,102.4740426,1.85537788,1.612604894,1.422456775,1.151350365,2.234323239,1.585932971,1.728527613,1.040359883,1.3202485,1.292102215,1.82295826,1.562881073,1.488395154,2.03280039,73.9627583,1.090362443,0.619907648,1.035759613,1.123235724,1.829027639,1.182020206,1.485786563,0.962196333,0.582643589,1.684402395,1.429500395,1.895742713,1.677691542
8,3.15592035,68.63154796,1.844257782,1.434711668,1.826686677,0.563019769,1.390599513,1.79637918,1.916488098,1.296425872,1.079535356,1.36699277,1.503204467,2.017837057,0.799374904,3.742624843,14.01105088,1.318644586,1.448999845,1.203293751,0.942316203,1.85500959,1.084972825,1.081215036,1.393723528,1.67055607,1.622262615,1.899200962,1.226459804,1.604566454
9,1.758783601,28.67251668,1.37238846,1.222291214,1.205633624,0.889787804,1.170228954,0.867875829,1.04901218,2.077270515,-0.088538925,1.584755406,1.446262822,0.859400279,1.590148923,3.190055248,53.56669682,1.770055115,1.461761811,1.577185861,1.196103386,1.639643794,1.340335039,1.249453298,1.606652624,0.960094556,2.281624533,1.779634476,1.743932584,2.198353268
10,1.707831598,84.7491246,0.696384429,1.208036641,0.906604722,1.107278372,0.989437592,0.948259492,1.611231715,1.455945354,1.241605145,1.628108534,1.16669076,2.187749904,1.520062024,2.820480971,101.130807,1.143470878,1.355469563,1.558821434,0.742971336,1.499976486,1.117654032,1.343031481,1.546848539,1.063304165,1.743528353,1.398963662,1.421063189,1.217704965
11,2.946584379,75.9830151,1.41813611,1.48906185,1.985272356,1.18383483,1.587076237,1.173250323,1.60156071,1.918366213,1.183207401,1.370906151,1.526053022,0.498113799,1.093380535,1.669520043,55.30083448,0.902280196,0.101964904,0.340308175,0.234252293,1.040713658,0.753355962,1.027785844,0.750821617,0.61478744,1.047449788,1.675300816,0.570809453,1.06728963
12,4.203250921,-1.769231011,2.952768533,2.670476371,2.621203414,3.095019828,2.233808032,2.849965088,2.493510194,2.925784573,1.807654936,2.12125379,1.865010565,2.691722585,2.854283682,2.51089463,23.0629841,2.093965399,1.825912346,1.638417722,1.370729418,1.39321723,1.791720269,1.60824605,2.356420448,0.960297271,1.837970031,1.871972148,1.529773677,2.059675846
13,2.381550487,85.94371434,1.551992094,1.403634849,1.546675691,1.72971211,2.186494922,1.653987791,2.070105532,2.09629,1.109076561,2.429813273,2.579069091,2.436445653,1.784098985,3.917700681,64.45834339,2.187224976,2.031719783,2.223380465,1.893509487,2.099895941,1.709210213,1.952331105,2.139481098,0.984244769,2.183212468,2.848679257,2.777453311,2.401637325
14,0.663596764,54.09625532,1.116817648,1.6952974,1.464913262,0.407269488,1.281296053,-0.009573135,0.541578928,0.038222946,-0.845144906,1.621186595,1.969361637,1.513218334,1.099108788,2.104197983,20.46383115,1.669816827,1.195076255,2.001420567,1.464607156,1.715726825,1.215801085,0.844178218,1.288944465,0.552601483,1.523736726,1.734285469,1.286754427,1.850848576
15,1.605238588,21.78763855,1.582645322,1.42904689,1.409650808,1.370329405,2.166111024,0.963029465,1.190795869,1.387857971,1.174866389,2.324395908,1.343448106,1.631389655,1.877650734,2.806756496,7.842125373,2.059762366,1.441203293,1.701572131,1.474652285,2.31632017,1.723857047,2.290860983,2.260643197,1.064611974,2.490987672,0.829785594,1.709265056,1.699274921
16,2.816800084,36.28921306,1.279495613,1.358984158,1.565275509,1.807319071,1.517703685,1.509855726,1.377679589,1.662013801,0.952611003,1.450059251,1.353612191,1.805138529,1.326975042,2.973112383,100.8450672,1.96405828,1.792135644,1.368009551,0.907833219,1.836601761,1.380106723,1.752813678,1.408114285,1.494733981,1.387759625,1.859396005,1.697535096,1.407128813
17,2.228737157,42.28114242,1.365939953,1.373480561,1.1631285,1.565209875,1.570856818,1.285672308,0.890106994,1.419656565,1.323533727,1.919934941,2.220933401,1.784185051,2.223504338,2.105253677,12.47179178,0.579450757,0.504745865,0.398952589,0.618331121,1.208717317,1.22144266,1.453429605,0.933278188,0.393464591,1.679338788,2.36610343,1.483092658,1.374917165
18,2.763235408,40.91952911,1.26551428,1.168790095,1.841883208,1.272356117,2.359331703,1.801514946,1.558327298,1.917600147,1.309264474,2.064499604,1.440268782,1.11601649,1.144218666,3.740184898,-7.600655971,1.639248173,1.808413788,1.730036134,2.18827815,1.197549353,1.022391469,1.658445608,1.832883447,1.743068158,1.612473928,1.350779807,1.437335962,1.934809977
19,2.18383985,50.28577019,1.98296387,0.558745494,1.661854916,1.545208677,1.708913338,1.828051208,1.372013519,1.687601456,1.429110741,2.067230127,2.250739869,2.057504703,1.557240105,3.597306439,13.44664343,1.297603509,1.021514885,1.389565677,1.203298302,1.307848715,1.47853881,2.091200727,1.97981257,0.815793077,1.285107976,1.515941356,1.861823966,0.815390956
20,1.987171645,65.77955707,1.599856486,1.534572412,1.207957745,1.041215632,1.235891662,0.087305509,1.143135469,1.122383714,1.180706155,1.931022592,1.245113708,0.553368861,0.856400595,2.149621417,66.77769784,0.843101353,1.172544244,0.922984777,1.117346571,1.203404272,1.322890887,1.897344929,1.428842126,0.551649955,1.251500615,0.724146399,1.327735228,1.501513038
21,2.415970361,85.02014564,1.558137476,0.831863571,1.323046406,0.886200025,1.444213559,1.55821922,1.875355193,1.556235476,1.405466544,1.762045849,2.268087363,2.538277359,1.786114944,2.667882989,-2.874253687,1.178877682,1.535094523,1.479950832,1.074200657,2.598809233,1.803411078,1.463001567,2.216987033,1.785531732,1.744056273,2.090602995,1.669002836,1.420109505
22,3.120558896,60.15346067,0.718490615,0.357901153,0.736507292,0.514314889,1.347430549,1.681649739,1.2134109,1.385105396,1.369828903,1.383119651,0.923995796,1.155408013,1.02999253,3.531854881,31.46709252,1.585567746,1.356645956,1.002043583,1.410349121,1.406201081,1.528310606,1.895554071,1.544420741,1.150897758,1.625459655,2.087723449,1.911490976,1.154602196
23,3.554115374,59.5632509,2.047728383,1.989725697,2.356833319,0.632900999,2.787424689,2.00110989,1.774694097,2.199130893,1.706237317,1.671262183,1.768484329,1.917481421,1.49243269,4.455697022,74.38132033,2.82359836,2.348224755,1.950054459,2.003724344,1.425230556,2.530001445,1.591708279,1.557909585,1.713791658,1.399610923,1.559778187,1.678461842,1.766358362
24,1.536376712,-23.77296584,0.660672014,0.384345417,0.585760239,1.24889302,0.796734172,0.65759119,0.670377598,0.785019354,0.961136715,0.782399579,1.097294983,1.591004287,1.140375432,2.362267872,20.52018286,1.231956381,1.161251516,0.779568276,1.175156696,0.984564459,1.426937875,1.445508844,1.197628479,1.351028037,1.471693389,1.628455428,1.143366127,1.351799128
25,2.520483706,49.07157044,1.857253425,1.26233974,1.794553291,1.994316819,1.803347623,1.46660953,1.555389544,1.53559951,1.390440639,1.560971584,1.610308236,1.104517968,2.077336134,2.250725802,64.28088843,0.942216748,0.848680604,1.121714314,1.020151899,0.99688186,0.915282807,1.274429091,1.888808617,0.841857505,1.802479413,1.678576022,1.683820839,1.969077551
26,1.453358515,36.12084478,0.53746595,1.057204026,1.222957292,1.092709634,0.684878453,0.285399021,1.038193264,0.442402357,1.856414848,0.346000914,0.999377578,0.545122535,1.155788034,2.266518664,48.73288001,0.697010376,0.757357119,1.360635922,0.945980614,0.777605853,0.611400787,0.644278004,1.115452787,0.517884975,1.076735708,1.239711335,0.757122841,0.737144917
27,3.212651496,24.8641573,1.757151702,1.896099978,2.283694943,1.502471451,1.189192112,1.038979276,1.838627716,2.116312401,1.453025973,1.897834927,1.956838607,2.292358954,2.46002553,2.485191359,26.26312884,1.00572821,1.068923167,0.924628496,0.835024057,0.508582661,1.423093304,0.541231659,1.621009403,1.636843178,1.36383289,1.626439398,1.704841726,2.484297313
28,1.298802342,49.20250627,1.169843551,1.024416839,1.300581229,0.459045901,1.261598699,0.746553967,1.636849181,1.007060221,0.46077634,1.554556169,0.651259466,1.217716659,0.455226704,3.285790953,64.88198241,2.252188393,2.131097836,2.073058116,0.484109156,1.790014512,2.033845737,1.573097235,1.476042655,0.671785181,2.334749153,1.59512668,1.929258461,1.759135962
29,2.196842971,82.10685632,1.516605346,1.249172444,1.70808164,1.581440206,1.876095195,0.543090406,1.461420265,1.763075963,0.92833688,2.013770355,2.021292299,1.833690047,2.200760087,1.769837724,32.81291157,0.831958837,0.464465296,0.952593205,0.709015394,1.07086082,1.018838539,1.029247614,0.864995269,-0.173581733,1.697980445,0.695676572,1.176621741,1.387810181
30,2.50011232,5.098789762,0.78201345,1.190895425,0.429642278,0.907343815,0.46994947,-0.044831582,0.588295515,0.422703775,0.270953017,1.442976086,1.535950603,2.067645201,1.148469781,3.680963253,64.74251992,1.775398254,1.3613567,1.434377441,1.782043194,1.507457888,1.389275909,1.622418675,1.817494667,1.832078664,1.130643583,1.087361519,1.429092227,1.314941784
31,3.790690169,55.44852504,2.075261119,1.810422952,1.491747297,1.664779805,2.325208891,2.668401785,2.092315418,2.070800461,1.66952422,3.071312054,2.541510056,3.218485317,2.530183345,4.52277627,-9.370060877,2.649975679,2.360220413,2.859050075,1.969788577,3.090286876,2.871075273,2.705567621,3.271476951,2.655780352,2.605638768,2.121336433,2.25087921,2.798172113
32,2.197121206,71.32377519,1.74680364,0.653333545,1.267023888,0.701545689,1.884100685,1.575084673,1.239898746,1.04144869,0.780829422,1.870844553,0.139989497,1.610012814,2.025295175,1.942510152,-2.948934518,0.416458192,1.221847686,1.212416959,0.796287819,1.098489501,1.025290974,1.262564545,0.810069751,1.313339647,1.410073417,0.919147608,0.81153546,0.972744475
33,3.06837166,49.12046084,1.817102472,1.232525055,1.115520761,0.703570977,1.654978116,1.399235052,1.327778949,1.348436896,1.876331057,1.983416387,2.042860743,1.66349857,1.562437545,1.736718385,26.05672407,0.685222732,0.439967698,0.778203438,1.053980372,1.3406491,0.832246909,0.50095086,1.208592293,0.15409592,1.233769478,1.320258934,1.293421713,1.452267153
34,4.717294978,38.25299797,2.611525488,1.980756035,1.747166456,1.787090214,1.94990661,1.851037396,2.303507682,2.158600711,1.243208249,1.771076804,2.117777683,1.65471589,2.569275622,4.158372686,27.28613289,2.3824691,1.84230329,2.236441289,2.159515326,2.280728261,2.84999731,2.882427434,2.881546452,2.926427675,2.55933541,2.105826378,3.180706012,2.661092999
35,2.618386472,107.2665044,0.960315333,1.12640474,0.409472283,0.180773702,0.935408342,0.701883482,1.038570472,1.672674406,-0.047665557,1.063322486,1.01041474,1.473889679,1.427547564,2.332577235,68.55725419,1.140037015,1.119701066,1.86653204,1.649701572,0.885238596,1.327518767,0.908749638,1.779583059,1.901402583,1.157722462,1.154873126,1.56812564,1.866518769
36,2.909090014,17.00839723,1.61562009,1.942501155,2.089226858,1.010463619,2.475325165,2.530340098,2.008668108,1.67677755,1.427774746,1.758927676,0.829430399,1.44385674,1.239125704,3.472471826,37.07050133,1.857510644,1.724910233,1.719338692,1.137798704,1.696183886,1.968586315,1.489753543,1.693950751,1.018806728,2.142674538,1.665529314,1.581731074,1.947357583
37,2.228997809,35.8251403,1.36420127,1.303571974,1.648564979,0.581531317,0.883223825,0.394532486,0.78659355,0.876803612,0.593803603,2.000610713,1.749744878,2.10298789,1.645814131,2.868365433,64.88200778,1.407288714,2.009427819,1.664198757,1.328589783,1.477444102,0.59882764,1.312160935,0.988484406,0.632726705,1.56438446,1.359474147,1.157090784,1.492927623
38,1.930206284,72.76652946,1.776658685,0.587560668,1.524013243,0.678764616,1.470090256,1.426017718,1.87514531,1.449842766,0.247437277,1.29769888,1.80045266,1.604963045,2.387068241,1.952406627,73.88154312,1.796584695,1.43638422,1.785798882,1.207527155,1.812771721,1.61152129,1.660145976,1.612545261,0.784373541,1.642869321,1.642047539,2.176260724,1.437691435
39,2.107237289,52.23296294,1.450255871,0.754444876,1.169080704,0.612474666,1.314008895,1.408579764,0.964116867,1.506170061,1.059655995,1.107684104,1.720338159,1.058173444,1.068312248,1.669289153,4.972851449,1.100760556,1.400429665,0.979498293,1.102290631,1.160078206,1.628155113,1.511236751,1.391807204,1.102433702,1.18056375,1.772821131,1.442340989,1.431239837
40,3.900090627,8.713704507,1.154367634,1.937049398,1.953185091,1.880157089,2.396087056,1.974928016,1.976842978,2.081683823,1.679016592,2.237428619,1.19288756,1.617194087,1.739032248,3.346353323,59.84792298,1.871692276,2.095763728,2.107156922,2.043831853,1.684022291,2.494072413,2.139643656,2.328281318,2.546386179,1.862290612,1.49511682,2.164242348,1.636524812
41,2.957462898,42.40396016,1.649095982,2.07394122,2.320868294,1.960477393,1.568141568,1.39780546,1.353990371,1.603644759,2.055670822,1.490636888,0.847212842,1.54984542,1.17196172,1.903628901,21.15639315,0.523620966,1.581171358,0.892520762,1.377575361,0.943392523,1.24224754,1.204162884,1.029624437,1.283565668,1.227835295,1.686060608,1.256276665,0.861546737
42,3.280189378,43.96465029,2.044379029,1.697767063,1.910142799,0.98530144,2.445241759,2.05431749,1.65336365,1.387151532,0.91244122,1.342969393,1.851556352,1.508790795,0.888406069,3.952306586,29.122346,1.8881301,1.899066465,1.438381782,1.54887659,1.852918353,1.915251466,1.797940918,1.613176255,0.896700388,0.604450443,0.961241695,1.620294154,1.515742074
43,2.146684431,51.60527993,1.668522173,1.798514911,1.627815033,1.443119195,1.665766485,1.380685056,1.324310572,1.518228109,0.525273661,1.761362583,1.712820976,1.522448993,1.587571769,1.933789145,22.92037349,1.242092049,1.567516502,1.166616725,1.745385881,1.724044122,1.477082066,1.528155408,1.357838597,1.24802203,0.785722956,0.789623999,1.16115609,0.987193097
44,3.993541672,55.69909666,2.070892475,2.365759555,2.818173272,1.985109858,2.197025598,2.204022108,2.418499579,2.525654473,2.009686255,1.579799759,1.930094181,0.736637873,0.708860715,3.915560545,49.38035599,2.162470408,2.064384833,2.02341096,1.825026539,2.492359339,2.104278904,2.324042791,2.206305652,1.602011283,2.58729507,2.676841364,2.202681962,2.155136861
45,2.150540289,32.71887168,1.535042556,1.345955868,1.967713015,1.186262148,0.94740335,0.762835746,1.208440405,1.150740574,1.128570525,1.248264259,1.045827052,1.055656,1.177053905,2.731123981,32.17119302,1.628909383,1.534352046,1.728498818,0.6147269,1.808221583,1.524222251,1.526211502,1.434346147,0.479564066,1.932370839,1.799693299,1.725114108,1.875855851
46,4.184227053,54.20828319,2.359357238,2.03379411,1.74863025,1.660308422,2.540366913,1.522374904,2.120598997,2.503279733,1.475650989,2.992959003,2.450432631,2.214689684,2.078480496,2.623666344,-5.916590875,1.479170045,1.138446747,1.441074978,1.435366121,1.761562499,1.55405698,0.806413843,1.423270544,1.929948273,2.040414028,2.339741797,1.552716341,1.88220161
47,1.682989172,68.78782008,1.258243057,0.825587397,1.517699445,0.284116454,1.65966248,0.536092296,1.111674433,0.325363432,0.68426654,1.805761142,2.134562416,1.248437807,0.89892646,2.092592974,78.27895802,1.29667904,0.810071597,0.986762528,0.758421773,1.803583117,0.991327088,1.741273343,1.444085298,1.143234163,2.192515391,1.727963616,1.577299113,1.745687822
48,1.36654626,31.21578962,1.109597063,1.277883918,1.166152676,1.983987665,1.551244361,1.353461941,1.541733598,0.942276509,0.610496883,2.319317071,2.118852482,2.004869173,2.290795457,3.58443691,33.4111202,1.624198009,1.386654212,1.988846999,2.352861182,2.217717222,2.689172728,2.256938127,2.125682647,2.921150753,2.202893028,2.804331769,2.202050261,2.568550694
49,2.543231727,17.92376409,1.851593155,1.803796576,1.555684132,1.574145863,1.261261609,1.621937843,1.487744909,2.204345142,1.350186379,2.321096501,1.933240422,2.159184736,2.344332951,3.479072179,-1.350732669,1.841649369,2.28859974,1.626589125,1.519558002,2.100387609,1.770628484,1.438041839,1.378364557,1.324929269,2.002151404,2.178728397,1.99823219,2.054307914
50,2.325417221,114.3860217,1.188126342,1.316255861,1.117057265,0.850885721,1.229262632,0.997524435,0.237096118,1.110141643,0.212120312,1.851624694,1.605107699,2.106398692,2.167946684,2.851109566,135.6896335,1.452541435,1.055237183,1.196887022,0.3257305,1.977721895,2.318108477,1.906253194,1.196735406,1.102482881,1.72640001,2.203526302,1.951315758,1.162916408
51,0.460002132,58.10770917,0.690372714,0.129274986,0.396926912,-0.222960002,0.946896338,0.177702839,0.615322223,0.57212548,1.252028555,1.130781577,1.679991693,1.097208632,1.259739036,1.896845767,60.20241095,0.804649518,-0.067662861,1.332711778,0.644743958,1.565352011,1.185886599,0.780613161,1.018987475,0.785694721,1.4799631,0.94541636,1.580602702,1.504117795
52,2.318097188,66.09450784,1.671485175,1.356685025,1.018816698,0.654649402,2.42964886,2.036489734,1.252638084,1.305958015,0.616568964,2.512991419,2.277564523,2.644496805,0.83268287,2.730859714,34.47665351,2.067958806,1.429726129,1.988747602,1.447963045,0.852948578,1.765310413,1.104505207,1.374009454,1.905716775,2.527228855,1.786976191,1.639504316,2.025257811
53,3.636741797,52.1501726,1.496104482,1.188597057,1.243204914,1.904881271,2.090433263,1.47916655,1.826728637,2.494778812,0.978309073,1.797459491,1.782542575,1.689561736,2.124227573,3.47583493,62.71263012,1.777315733,2.049618536,2.09093192,1.824605504,1.610115724,2.469428236,2.129929052,2.249553564,2.039706223,2.112867072,2.114681231,2.718601239,2.255221484
54,1.346339044,50.15401918,1.338958059,0.366559484,0.881689276,1.538766718,1.393065922,0.972904972,1.374775016,0.530691266,0.289985118,1.552592325,1.092257811,0.916922547,0.435055893,3.322193542,49.99486616,1.089145893,1.062752033,0.996867484,1.186086132,1.606829986,0.722214627,1.405365699,0.759535458,1.365871202,2.403634174,1.825820568,1.174012209,0.992527659
55,4.16655654,4.515165406,1.764930525,1.78947717,1.933003462,1.920493361,2.215549289,2.544204212,1.783023956,2.404003007,1.395102949,2.126093496,1.838278783,1.67760109,2.239923693,3.039899855,16.91356287,1.218722151,1.723459434,0.883361967,1.047197817,1.278662008,1.489526687,1.882308753,1.16086333,0.885127052,1.724249184,1.197130071,1.925347414,1.689955493
56,2.848622867,85.11156192,1.225440595,1.143273109,1.434611397,1.522176576,1.770964581,1.696786645,1.00738883,0.685124923,1.009284705,1.101591983,1.783584805,1.176430414,1.087680084,3.21821788,73.06587304,0.999372853,1.563335529,1.391169079,1.599672835,1.475323922,2.018848932,2.422100221,1.690920092,1.954056354,1.995352024,1.732875504,1.957256796,1.921964207
57,3.181989155,62.64592032,1.589112613,1.563338734,1.313464639,1.85556165,0.92303611,1.136626596,2.007596866,1.368403149,0.234231701,1.286691601,2.165847521,1.799513407,1.824182574,3.484791306,86.59128215,1.377984032,0.839235847,1.385916958,0.432217619,2.068200808,1.666578404,2.1985702,1.855356489,1.555258287,1.397869102,2.020761176,1.988909168,1.553389892
58,1.93716087,66.90905274,1.077897303,1.786724189,1.605815165,1.67757491,1.083250646,1.021065206,1.062773504,1.176781771,0.420504891,0.726720925,0.770798455,0.913731015,0.966584058,3.081647385,61.17013884,1.713517313,2.079896363,1.529764328,2.054765246,1.687890795,0.986705168,1.003386777,1.200415301,0.688976014,1.028127154,1.220180626,1.030561915,1.721913351
59,1.852336394,55.69666919,1.396834447,0.999158532,1.041985149,0.827617027,1.415714472,0.571341169,0.809848307,0.554144849,1.01417165,1.202831574,1.772372913,0.880886847,0.549707979,3.217672209,19.18891832,1.863373061,1.686962034,2.849032178,1.877407585,1.679653907,1.500476648,2.09175503,1.488592685,1.51618048,2.223183296,2.480949652,2.102349002,2.238070431
60,3.029589512,17.82185537,1.260649016,1.59792548,2.072061062,2.083575021,1.52114951,1.321070041,2.472153841,1.505972182,1.983904264,1.65453604,1.231536169,1.722185408,2.410909427,2.705214162,42.81344843,1.467186764,2.006384199,1.651790268,2.190036839,1.017751101,1.661870982,1.828715062,1.894271639,1.128071243,1.486481745,0.599775277,1.664680148,1.49060717
61,2.222703006,25.26488884,1.099001096,0.414240422,0.662071138,0.795928336,1.022542893,1.43624349,0.719903655,1.062858402,0.203273639,0.604410365,0.937357612,0.762526029,0.335858068,3.838983199,25.16271619,1.312811162,1.251554434,1.454956422,1.136585009,1.049476233,1.211869509,1.125525274,1.429151808,0.974901179,0.977757903,1.450669177,1.499536354,1.7348126
62,1.301759633,36.95988745,1.085972372,1.387139206,1.195523801,0.808516253,1.493829066,0.324549612,1.608604889,1.284820114,1.333376506,1.255104128,0.945428909,0.678630443,0.940836541,1.158633351,48.75499821,0.488041265,-0.207051546,0.087161443,0.001944477,0.970105592,0.948873393,1.448303437,0.69756853,0.534954216,1.421537246,1.647756264,0.523885138,0.969094591
63,2.950565089,7.465373594,2.186367216,2.15114513,2.647806278,1.955381224,1.677979534,1.814983031,1.201162274,0.927986643,1.393380776,2.905202366,2.763088018,2.213899982,1.721270296,2.795478949,29.90610867,1.58689936,1.873306052,1.2625139,1.046959347,1.896792711,2.334628129,1.913825689,1.835835609,0.911970677,1.48956502,2.27462784,2.107225761,2.271844029
64,1.141825018,96.48442077,0.999339533,0.121928605,-0.253691108,-0.482503886,1.280809824,0.666052231,0.519575896,0.683679221,1.227579631,2.313621326,2.574107027,1.99027469,1.263347315,1.484049416,130.5481741,0.425002032,-0.161272461,0.380651138,0.545644515,0.61877443,0.128765389,0.609473759,0.501383304,0.089865295,1.706563691,1.509877486,1.525825178,0.888200192
65,3.455456005,71.36633909,1.262458421,1.480843294,2.031723664,1.899988145,2.026740445,1.954494356,1.831664051,2.372641511,1.356940637,2.021638495,1.996285871,1.629541906,2.123405831,3.572875019,68.32878041,1.697232398,1.551213653,1.693592147,2.21327659,1.594866183,2.181891138,2.683192967,1.830794356,1.942311014,2.170767189,2.086312509,2.566908114,2.236877453
66,2.850550963,60.92322891,1.453197148,0.626871579,1.496847873,1.39585491,1.422985779,1.918524991,1.914164118,1.600812505,1.928367278,1.83031257,1.000042983,1.293910484,1.409721803,2.480879669,15.66525274,1.946997379,1.788716814,2.170159828,1.662206903,1.877132777,1.998044509,1.94762714,1.700880255,1.765039914,1.655280534,1.783384899,1.560538304,2.214567552
67,4.193703142,-1.487450498,1.773398243,1.470178485,2.491887713,1.739736969,1.681443583,1.890800533,1.655940031,2.426610291,2.561397136,2.533068194,2.519790857,1.815150214,3.03045232,3.133436175,-6.469554552,1.744448843,1.784065308,1.581758691,1.256098767,1.571975348,1.883029139,1.670229013,2.137821983,0.761333728,1.58540077,1.665871861,1.610817441,1.292705921
68,1.611945482,43.50542737,1.140479742,0.480100311,0.917969434,0.244734826,1.146232871,0.52529259,0.637981023,1.358108054,1.060360153,1.133166441,0.881764898,0.373389557,0.971758976,0.852892756,103.8412305,0.449654578,0.720127338,0.879189147,-0.161505201,0.901489362,1.079889484,0.548839338,1.073486298,0.617743142,1.869540618,1.559056603,1.103222016,1.037371699
69,0.830990461,-10.27102496,-0.13340556,-0.243356845,0.490094068,0.485007447,0.59811375,1.122583631,0.337878435,1.163871206,-0.099890213,1.012872763,0.374751448,0.589033243,0.980930394,2.53088802,-18.80097126,1.194827179,1.096235617,1.442395616,1.294977161,1.804270885,1.692406476,1.250970476,1.468628861,1.478105622,0.881347088,1.509116426,1.84202102,1.941887302
70,4.20696715,38.05408631,1.926247958,2.63471527,1.785011329,1.744637443,1.792615512,1.315726468,1.754684813,1.875048703,2.244757711,1.601316215,0.591990932,1.412943665,2.119807014,3.053636141,47.09707341,1.505935939,1.692528572,1.135093244,1.817886365,1.586739233,1.977225662,1.201758078,0.811198327,1.995881469,1.094949824,0.709949362,1.227131834,0.840994047
71,3.219428433,55.705432,1.637868878,1.540260305,2.004546132,1.349838539,1.588294466,1.71884388,2.226285833,2.128258502,2.159541343,1.505040216,1.285279695,1.920193813,1.880409342,3.373065724,71.3818101,1.323624109,1.229488674,1.349756517,1.385247826,1.022954594,1.189364509,0.794801192,0.980536217,1.405520809,1.182045249,1.291525224,1.291563314,0.948067507
72,2.246258236,22.51882189,1.366281177,0.817029875,0.694902352,1.173677743,1.457346723,1.254820313,0.829998649,1.747836941,0.222445312,1.783355588,1.399382566,1.2339309,1.789941117,2.002970571,80.56962451,0.923309875,1.044674779,1.26675063,1.406843416,1.365527022,1.630200119,1.221811708,0.718153865,1.075749823,1.278855245,0.427851746,1.302427833,1.566514307
73,5.132203372,49.67223026,2.783937768,2.284619477,2.433399183,2.494076108,3.050969806,3.447622085,3.394994543,2.688332526,2.513157875,2.380600413,1.962786445,1.708908247,2.449714685,3.523047738,45.55961031,2.163278943,1.609785489,1.640784718,1.962672419,1.825697338,1.812046025,1.734237721,1.638556283,0.623280314,1.426636221,1.901693607,1.57161285,1.610775949
74,2.677765323,56.2601022,2.201546377,2.001096334,1.566091494,1.572223153,1.97225403,1.77025076,2.351613502,1.359526266,0.902113587,1.596903654,1.64116995,1.940023002,2.1243263,3.134078199,69.48861506,1.682156652,1.592988874,1.422264245,1.52146566,2.27782614,1.599535308,1.445534473,1.740661706,0.820652611,1.836092214,2.302041557,2.492351537,1.966626625
75,1.188199296,18.74035046,1.666977013,2.09404304,1.522431227,1.225310346,1.023821213,1.255317157,1.139094444,0.480892156,1.019334764,1.17765616,0.932051018,1.261632807,0.818813717,2.707921967,18.8282602,1.508082196,1.791679905,1.173318857,0.951158422,1.18222627,1.196872219,1.248238521,0.613830467,0.260802163,1.263722769,1.458106967,1.807270467,1.226437186
76,2.499661768,83.56710103,1.632604121,1.807195583,1.204437917,0.471972843,1.458263312,1.0706353,1.449242734,0.983000185,0.413780659,1.735885533,1.600968068,0.593405349,1.711352037,2.06373228,-10.37460602,1.221232627,0.590912819,0.489294701,1.246526698,1.469566068,1.682760331,1.190495733,0.972378923,0.74475002,1.360328131,1.277381919,1.609984556,0.954793184
77,3.359595849,28.35604288,1.763554083,2.020323863,2.141594682,2.178281374,2.310456532,1.453188166,1.407118437,1.138015727,1.434641478,1.843566882,1.407087811,0.93052764,1.866888516,3.388056168,34.816926,1.266153246,1.867749857,1.844115943,1.646884107,0.996029816,1.554975933,1.437086375,1.385683271,1.862393334,1.429575803,1.511021439,1.322852768,1.341167725
78,2.966613624,18.79506732,1.333690073,1.358027095,1.28920004,1.342527707,1.709951573,1.383177024,0.92712521,0.50360348,1.298891116,1.495002652,2.083325728,1.848365054,0.940052614,4.276716491,43.69072987,2.381360876,1.900505587,1.9514015,2.117307924,2.111005604,1.944024352,2.347454804,2.198844097,2.297514491,0.989209457,1.679080926,1.75458808,1.687330276
79,2.5786526,31.85912593,1.610684022,1.970054279,2.054219196,1.935958391,1.107628091,1.12137839,1.126813439,1.401481325,1.942233644,1.429507725,0.964099799,1.315711529,1.388935641,2.504620964,34.84394696,0.35711078,1.088862221,0.97095552,1.123973427,0.961598509,0.540173072,0.999131103,0.282265952,1.115300978,1.909268402,1.561199972,1.130283403,1.154340731
80,3.521391578,13.83828574,1.841709757,1.664788184,2.342950098,1.822085007,1.766334695,1.80083035,2.001356427,2.164870955,2.048205661,1.604638909,1.506154381,0.767278354,1.538210243,4.169634108,92.85341427,2.206777032,2.649706536,2.273167704,2.000259175,2.549306219,1.97896551,2.397298428,2.093600323,1.619334528,2.25713331,1.665496208,1.830154105,2.341910853
81,2.671600126,31.55620647,2.051073214,1.775784738,2.062671449,1.524414507,1.029009435,0.431916964,0.654019092,0.60445758,0.782282654,1.326480807,1.40572654,0.957739041,0.946182569,2.490145786,26.30626911,1.812987018,1.611907981,1.993070561,1.633169272,1.397952804,1.158137682,1.631027619,1.573825792,1.670228554,1.57927978,1.295687529,1.200285648,1.076431472
82,2.010045235,86.32160301,0.367679122,0.36993623,0.594829151,0.245146576,1.707257668,1.88100614,1.518598124,1.138228517,-0.507088584,1.546004828,0.5669065,0.766383903,0.251675093,2.956316771,84.51856579,1.383020894,1.286972344,1.063616476,1.236743131,1.698336276,0.855678655,1.393761239,2.200719931,-0.180108514,1.487855748,1.611629822,1.152972769,0.973849609
83,2.498171154,59.54135466,1.005354896,1.508446999,1.386852811,1.11574667,1.599239236,0.935168269,1.034099312,0.909480896,0.457771107,1.366737041,0.74073338,1.276210659,1.05610051,3.446516908,-20.37946213,1.692957302,1.528971065,1.718464901,2.423768372,1.595947343,1.590251211,2.008760818,2.331347717,1.701104491,2.049842545,1.515817606,1.378606678,1.714082208
84,3.016244728,58.98778571,2.151134521,1.757445204,1.411969904,1.649796128,1.933411125,1.482948782,2.09573553,1.818606566,0.617024079,2.598679128,2.198444118,2.38332596,2.912780748,3.494268463,72.67940878,2.355484554,1.854582035,2.186875224,2.221232991,2.745482065,2.197306457,1.859573586,2.500862463,2.200951276,2.004254539,2.31211937,2.474566445,2.245499555
85,2.642510036,3.178018304,1.39057967,0.644681673,0.659076333,1.98145365,1.010236412,1.570709061,1.540777357,1.756738553,0.758422982,1.348999949,1.750617065,1.551954757,1.963476764,2.199189133,-35.57907237,0.33565847,1.172066003,0.718502205,1.022753216,0.274391596,0.629852368,0.548050843,1.037727053,1.251116865,0.873023177,1.253895151,0.58385424,1.332956501
86,2.451519436,61.45913941,1.01549926,1.115059714,1.676390365,0.762039642,1.277439481,1.348017709,0.767263317,0.637318525,1.644063302,1.918134726,1.685127763,1.243219383,1.578340245,3.27822986,37.95531524,2.338023902,2.083479967,1.725912507,1.56927856,1.779631824,2.106117927,2.222639376,1.643976217,1.469449952,2.347163195,1.877200354,1.989521362,2.020185308
87,3.340526376,40.74377148,1.518907325,0.674225429,1.192732508,0.758898954,1.721687378,1.874832747,1.674832821,1.447268911,0.933667334,1.826177325,2.531014395,2.458113481,1.781812384,4.163659607,46.91635272,1.799697132,1.392917254,1.288387863,1.506844694,1.797651632,1.647148969,1.592237382,1.40435732,1.406471542,2.611284699,2.360746735,2.893597162,1.697114114
88,1.622031946,61.80134951,0.619375078,0.474750741,1.172147507,0.374368333,0.620881041,0.466864912,1.189947838,1.573958874,0.942471836,1.334009964,1.629546921,1.825967819,1.355298072,2.797418329,32.04774415,0.601083227,0.509307429,0.793448616,0.437472214,0.851543944,0.501575468,0.508144425,0.710037724,1.378136505,0.923337624,1.383562668,1.292356619,1.186028326
89,1.713756685,25.58146408,1.561166322,1.070066442,1.075583653,0.851338189,1.369747832,0.960695256,1.388403292,1.094018554,1.125592182,1.678918323,1.88056349,1.503664341,1.987920772,2.25837674,33.57643969,1.801303941,1.410541782,1.603096221,1.842094632,1.556644242,1.375512317,1.544482218,1.432842135,0.254565939,1.279212698,1.053981184,1.197061465,1.46176592
90,3.149082815,58.43596367,1.783261563,1.750946865,1.755051827,1.500624179,1.941094184,1.962327495,1.930734597,1.775704954,1.147468097,1.386240194,2.340431496,2.163646425,1.809513206,3.799896981,11.05375373,2.43107546,2.37496204,2.271254029,2.461804538,2.640285455,2.1972371,2.07514274,2.559922929,1.349942975,1.530327579,2.338469197,1.890895694,2.365858051
91,4.023002866,43.9016864,1.983863773,2.518520384,2.469919532,1.992753452,2.460613596,2.327967751,2.1799332,2.755483647,1.402074328,2.056031557,2.211791328,2.637721283,2.354469942,4.351466588,31.99933424,2.565301286,1.934539314,2.375962578,1.777142347,1.743997224,2.335319101,2.054651725,1.70107273,2.233963471,1.985165713,1.688217658,1.881066281,2.168268991
92,4.094299981,64.41270017,2.610310993,2.49998573,2.3747913,2.027169955,2.545772914,1.911640785,2.749318114,2.754174042,2.221202424,2.060615229,2.197972648,1.942887798,2.154560011,4.090879034,83.92085105,2.117717369,2.167934021,1.895334966,1.878465226,2.209037467,1.46178722,1.959188308,1.855240334,1.169569361,2.453716989,2.015192707,2.386401238,3.009448768
93,2.93868615,81.53924801,1.717091413,1.857172074,1.714049788,2.336429838,1.50788986,1.26029918,1.772804104,1.347931367,1.509703085,2.486778722,2.090355302,1.768021892,2.557883608,3.248588515,12.33849686,1.830980519,1.809966085,2.542434331,1.866924581,2.308473378,1.647182802,2.215837627,2.22029867,1.695409176,2.075883948,2.41543819,2.420034113,1.935887247
94,3.156478145,49.94959592,1.111110524,1.50670851,1.900757824,1.410728883,1.280578284,1.404799105,1.674015924,1.993586624,1.091803266,2.005783377,1.949250061,1.858333157,2.138138561,2.375157453,19.16053559,1.275482322,1.018332384,1.667247197,0.813730671,1.203914741,1.718883715,1.240516517,1.106191541,0.901971291,1.617270994,1.083066207,1.248410963,1.400843373
95,1.907845234,65.87241405,1.417178441,1.066336363,1.343256692,0.628086672,1.4809339,1.349126115,2.062271491,1.570033616,0.954607704,1.977508879,1.61577856,1.675369728,1.173903139,2.108320438,164.9787525,1.636783198,0.907671516,1.370037667,1.427584512,1.753032445,1.768906904,0.8267933,1.65098138,1.294639181,1.59616035,1.913857443,1.431166584,1.399269374
96,3.035282168,32.29937534,2.030403534,1.724861793,2.239465369,0.80100986,1.640612084,1.491112529,2.47158069,1.992205167,0.907704395,2.345237091,1.698667305,1.99441088,2.120763035,3.679788844,50.2641679,1.666787365,1.571881901,1.558590688,1.352266929,1.31788269,1.195688691,1.09478031,1.563228364,1.080650344,1.805990716,2.160143807,0.903472793,1.118136539
97,2.635822441,32.12573316,1.356117732,0.928138542,0.792107668,2.493500068,2.191502108,0.963250423,1.595585491,1.438685559,0.224731857,1.386118149,1.33759301,0.836957689,1.045438597,2.822660108,12.54959507,2.340990695,1.43930896,1.630856968,1.79346146,1.949971076,1.960928551,1.506154573,1.865944646,1.547859827,1.82050409,1.513538673,1.023117896,1.606701255
98,2.694415047,41.4237399,1.633476018,1.28133036,1.638159881,2.029934814,1.913500854,1.757308377,2.115669527,1.524006646,1.301661492,2.05115056,1.590019255,1.90932611,1.830418219,2.436520893,9.977636774,1.891970228,0.456687613,1.315342823,1.412215358,1.631831508,1.304037487,1.477101916,0.946390151,1.159305012,1.481309149,1.928614768,2.337486064,1.511744363
99,2.983227977,49.53591764,1.211606307,1.043038344,1.500358309,1.613575442,1.229810953,1.222830451,1.104480298,1.272797673,1.079721717,1.663564775,1.841434784,1.690121765,2.463290982,3.169150148,104.6613533,1.136866619,1.194541182,1.390547853,1.540530102,2.397196676,1.996815539,1.183237494,1.287072889,0.921650821,2.025917169,2.201255808,2.082347262,3.080847362
100,1.370443089,81.45190933,0.673340175,0.061601812,0.669808942,0.236139019,0.724410749,0.282093822,0.692051107,0.503937957,-0.486645603,0.744461886,1.093248211,0.71318547,1.214394955,1.636034305,38.1576226,0.726032708,0.48296455,0.587285633,0.154227268,1.237663032,0.524400856,1.160753,0.838159322,0.576253904,0.637092392,0.990287732,0.962360394,0.847341968
101,2.509325546,-5.701530839,0.78081551,0.479161643,1.408166215,0.873097425,1.648559127,0.310329966,1.759187982,1.145922881,0.471471425,1.098886715,0.976069767,0.688544516,0.94332191,2.618820387,10.28656317,1.785231062,1.322251916,1.549152479,1.032167188,1.270916831,1.449006328,0.889046969,1.901478471,0.995848031,1.16483357,0.830331616,1.009011282,1.727110617
102,2.242631782,30.08430514,1.144216572,1.343875813,1.454929998,1.394951586,1.214170151,1.255947131,0.945820327,1.362717359,0.298746431,1.008304671,0.568791029,1.115053705,0.507406741,2.134489914,23.37022672,1.680296639,1.249172116,1.572700947,2.072226669,1.933931382,1.427154199,1.403215431,1.563927486,1.75797486,1.763137719,1.735402476,1.734855598,1.323074801
103,1.817202645,52.10308432,0.952168979,1.046499875,0.512427013,0.371977435,0.527402971,0.638009605,0.559290685,0.693029402,0.677035104,0.770778191,1.185432292,0.90322075,0.349426473,1.821477813,27.21713012,0.548260422,0.598013176,1.076102446,0.324277805,0.697626242,0.552463,0.663900247,0.863423774,0.607190158,1.158898315,1.408825907,1.157678729,0.976558462
104,2.831958548,27.59233286,1.163485886,1.488389091,0.659701245,1.047410261,1.367901819,1.126864477,0.881417601,1.592308148,1.412658085,1.618008206,1.357881127,1.307968939,1.219242098,2.264857202,-20.70379117,1.222124494,1.430264496,1.379862348,1.497535926,1.766880839,2.13034367,1.775279664,1.227551197,2.04218259,1.815269185,1.558921703,1.401562723,1.594794778
105,4.071780115,15.87538614,2.007316563,1.807108504,1.689043495,1.811234216,2.064367451,2.58202284,1.413081215,1.963336307,2.094125853,1.894131258,1.954051626,1.625833803,1.231314423,3.819209842,72.30618597,2.011077323,1.866223481,2.034312746,2.10361215,2.053254336,1.876994795,1.930633463,1.53186903,1.516868583,1.685842448,1.799779157,1.844834577,2.471537967
106,0.764756555,18.76846772,0.562502537,0.566032194,0.121019415,0.210847021,0.276787434,0.131543577,0.598928082,0.131486283,-0.518873501,0.974074439,1.167749431,0.430928508,1.151022367,1.331297584,43.97567602,0.64801077,0.818360053,0.62289078,1.116437052,0.958536901,1.184257209,1.362499965,1.071398332,-0.54130478,1.899363728,1.740555038,2.034885156,1.30817262
107,1.31312601,41.03324906,0.449841287,1.102821552,0.229374432,1.013824711,1.042400026,0.97391814,1.019156189,1.769036864,0.208656083,1.790174171,1.352702657,0.405673991,1.202479033,1.430069745,78.78811943,0.846579845,1.189683029,0.839852476,1.007179959,1.760067738,1.655770599,1.54199409,1.487607992,0.370563226,1.690650458,1.762009862,2.03560872,1.110015115
108,3.061288537,91.82841535,1.005615402,1.108474394,1.308076837,0.147557049,0.595371009,1.362555514,1.452429271,1.327189952,1.731947692,2.050154376,1.883282154,2.115892725,1.822092801,3.150358764,74.92374199,0.966458084,1.019509187,0.828009493,1.059785296,0.895366299,1.1578052,1.536725122,0.803801976,0.673049837,1.580032831,1.425949829,1.9089745,1.092739696
109,1.201126131,39.70914628,1.10524161,0.889809774,1.454052855,0.941293449,1.56694498,1.208415756,0.672024964,1.169164719,1.112438542,1.227565339,1.112148062,1.715497825,1.039025619,1.714418202,-49.11022615,1.277518911,0.371939565,0.634105381,0.61565245,1.409175345,1.283032294,1.076700995,1.039317185,1.957498187,0.962111024,2.000619032,1.32763079,1.268695926
110,2.131972834,62.71257059,1.856573889,1.384786675,1.496675777,1.416309139,1.311666376,1.950378102,1.325898543,1.498158275,0.873301377,1.768432537,1.36233642,1.798317705,1.277004367,1.555627572,104.7822705,1.498138959,1.278287589,1.480096525,1.108287409,1.513481132,1.430175304,1.294817715,1.412485528,1.420004744,1.277577196,2.2200869,1.419233238,1.030885447
111,2.53889209,58.2549397,1.893880084,1.258964135,1.161840152,2.005419285,1.941126303,0.55913646,1.371795439,1.237853605,0.276031525,1.485127925,1.19597258,0.917275505,1.302065943,2.638850208,90.48409854,0.911207646,0.635371394,1.080740747,0.456417143,1.125833096,1.208985899,0.734563065,1.802088031,0.613303033,1.20749493,0.468049129,0.66075052,1.360759158
112,1.391584138,59.42540275,0.630301925,0.657593945,-0.585296358,-0.428296421,1.053891329,1.404830919,0.745105474,0.909131932,0.946329325,0.834747634,1.206729437,1.940331159,1.322336081,2.524994471,12.89300049,1.308856205,0.72057154,1.119931395,0.997192379,1.609746431,1.588988841,1.413675043,1.27796882,1.149103017,2.003987749,2.024148073,2.037196596,2.083521292
113,4.566893921,45.91290817,1.748032896,1.70464694,2.135982069,1.611109524,2.435349104,2.116686169,2.254321338,2.40900189,2.244779617,1.217626769,1.603153978,1.998949681,1.817363741,3.747262302,40.35516447,1.955967983,1.831217691,1.689745527,1.723848286,1.903150628,1.272988513,2.253580553,2.091521569,1.577177879,1.450044469,1.299328797,1.894003045,1.648045638
114,2.740189822,46.09046526,2.081779228,1.687922675,1.29352019,0.990524594,1.922769011,1.907561131,2.314445687,1.400134623,1.009549735,1.590737842,2.205057235,2.463921947,2.503961115,2.597124523,27.68646779,0.948619633,0.554744239,0.881609455,1.077376501,1.312994285,1.386026168,1.148583202,1.320153071,1.375500644,1.783829472,1.36675485,1.236939673,1.331120076
115,3.110709113,93.60142081,2.216471998,2.026030886,2.109284526,1.919765457,1.921551462,2.209579547,2.912672647,1.871177887,0.766428918,1.68838077,1.010798422,2.014282699,1.624945912,3.305562702,65.30957066,1.550632446,2.275553423,2.127102062,1.530606638,2.286172764,0.459405067,0.981115018,1.682565534,1.968674953,2.571113197,1.611075412,1.451031294,2.138767227
116,2.006368873,105.0927752,1.498089562,1.094417183,0.992007073,1.483804849,1.513709269,1.116963682,1.205884469,1.323255546,1.833608357,1.647559209,1.738644091,2.332114338,0.949705496,3.890879154,79.39011105,2.20776405,1.461890056,2.120290751,2.49683222,2.39617042,0.885817722,1.351214399,1.693244144,1.846430525,2.016131593,2.369641937,1.263049523,1.749448281
117,1.791252187,66.7606405,2.357812768,1.403548362,1.536676851,1.409152283,2.071846234,0.823185648,0.973891768,1.321540835,0.987375276,1.148134801,0.349049732,0.413176992,0.735292174,2.626178897,87.55762491,1.606745466,2.350222107,1.737506067,1.188635977,1.908037489,1.476327098,1.698334155,1.724021913,0.681980097,1.932185817,1.875065355,1.644387369,0.976843593
118,1.878166082,48.60092744,1.402821763,0.946509328,1.224502745,0.531109064,2.15394207,1.792674745,1.366590617,1.402309796,1.231525937,2.206852807,1.619985615,1.359766284,1.325169079,2.44169455,73.99584756,1.711289941,1.201967619,1.923013415,1.100882157,1.150125434,1.24476121,1.407761582,0.873396178,0.569572912,1.872050952,1.38110523,1.459181631,1.013648322
119,3.469813108,57.08837564,0.650639106,0.906928064,1.194186846,0.772306327,1.119660078,0.976880962,2.635774042,1.836129009,0.356937496,2.437972786,2.33372928,3.053330731,2.403874889,4.163169438,19.44138805,2.724286995,2.167817314,2.110024484,1.891737672,2.621224801,2.621297787,2.390826962,2.178266589,1.294335439,2.860620542,2.537481103,2.184434148,2.229727679
120,1.738301822,27.54331575,2.183515541,1.679040913,1.532766014,1.53183649,1.756189195,2.062428264,1.288181788,1.156643257,1.419095614,1.468885955,2.286923749,1.431129008,1.493891323,2.915594515,59.24675127,1.468380593,1.152935623,1.336142246,1.200738986,1.473130659,1.491106243,1.021496185,1.010821547,1.879609706,1.756014444,1.417381228,1.256399392,1.084967878
121,3.677307961,47.35221131,2.26025457,3.038408629,1.989603399,2.469752282,2.802081376,2.389835338,3.184075084,2.399966732,2.240989516,2.365533085,2.059354677,2.281092354,1.556984414,3.967515249,6.707306339,2.500487591,1.814782429,1.841598931,2.571603888,2.375449556,2.219979096,2.204925666,2.140222145,2.23800751,1.913991919,1.49957331,1.859684204,1.609066291
122,2.412246467,38.55402257,1.040811369,0.505743498,1.487519866,0.962742192,1.779959844,0.915972032,1.666953075,1.953196887,0.910614832,2.440480512,1.77385953,2.535900637,2.722700708,2.831269373,60.82972602,2.249788936,2.242196996,2.624119101,1.948449151,1.7477545,2.415619796,2.450502212,1.843948914,1.897051971,2.464735024,1.784066068,1.884285213,1.851288097
123,2.977911213,43.2310635,1.260101447,1.281738455,2.31631376,1.7352307,2.002333818,0.673258645,0.797368531,1.673784598,1.147611458,2.904146964,1.945915053,1.871566886,1.641843242,3.149828807,45.97012086,1.846683319,1.844575686,1.53526392,1.574064873,1.670944891,2.049126434,1.896062507,1.713938598,0.953433842,1.687252731,2.045590345,1.919756253,1.971762425
124,3.623991078,39.33173949,1.955325217,2.317458466,2.434710728,2.294456968,1.903150903,2.758837691,2.891209095,2.13414619,2.098631047,2.124785767,2.302327674,1.461500811,1.889509662,3.220710899,65.11138916,0.802472443,1.880866289,1.46700722,2.024069552,1.496247753,1.713858874,1.747564734,1.481730322,1.43545693,1.201387789,1.445708448,1.437259249,1.558854557
125,2.715017604,38.47259792,2.317993776,1.488582628,1.717067635,1.085305549,2.453190701,1.467730631,1.767424146,1.733039318,0.60229275,1.394507718,1.06567018,1.251641723,1.309093154,4.2200263,32.49770812,1.685490165,1.985178941,2.41830607,1.345335709,2.649633357,2.088732691,2.347816757,2.13536756,1.917930708,2.520611603,2.368612918,2.048693979,2.795388182
126,2.90580098,42.56189857,2.368407512,1.468151009,1.739008585,1.407199697,1.488935186,1.130472785,1.474400969,2.045083022,1.206107956,2.101361085,1.56566943,1.382207602,1.439829082,3.290855531,3.526344401,1.842806885,1.170124141,1.853843884,1.640743812,1.518098926,1.866350247,1.52209652,1.765937305,2.128654753,1.759515101,1.109454792,1.335422745,1.626485473
127,2.008373068,61.01580921,1.839287612,1.536373532,1.215434094,1.034090683,1.737986802,1.217022166,0.829826292,1.427878762,1.120051213,2.093918321,1.861370255,1.714638499,1.733256563,2.735602987,42.18592866,1.452295035,0.574379979,1.470874325,1.136429287,1.495829375,0.992057207,1.127957017,1.407668861,0.912620407,0.992499698,0.855630175,1.666652113,1.162151492
128,2.187201205,55.33384716,0.533103913,0.249867934,0.542428462,0.133912705,1.514707734,0.59787565,1.696461982,0.609029994,-0.046169225,1.190237705,1.363208407,1.096402195,0.157962769,2.195130725,48.87781198,1.514992896,-0.036390554,1.197859787,0.760980689,1.567596951,1.385785588,1.482523676,2.107169914,1.279909027,1.912101978,1.743917272,0.784938399,1.821160245
129,1.969205702,25.20277604,0.925118422,0.774436514,0.453019319,1.115441692,0.996317393,0.451488133,0.154091731,0.505429908,0.588684244,1.064107632,0.813547623,-0.007544914,0.130881612,2.663124539,44.15962774,0.560317063,1.496682045,1.556798745,1.20160707,1.320870912,1.243859806,1.713273796,1.051765966,1.077440986,1.042706577,1.574481486,1.306297107,1.514205671
130,2.618071793,8.736988977,1.056103101,1.728220231,0.838957193,1.406288209,0.959174674,0.863016131,1.24983051,1.048346555,1.405394345,0.363317835,0.686583499,1.120969677,0.805426287,2.168284643,19.57613062,1.089733913,1.633127185,1.140724872,1.453868376,1.097563381,0.375201336,0.886325308,0.522041503,1.718308961,0.959752768,0.716818431,1.008886405,0.526059213
