ID,w3-assessemnt-result,w3-reflection-length,w3-1,w3-2,w3-3,w3-4,w3-5,w3-6,w3-7,w3-8,w3-9,w3-10,w3-11,w3-12,w3-13,w3-14,w3-15,w3-16,w3-17,w3-18,w4-assessemnt-result,w4-reflection-length,w4-1,w4-2,w4-3,w4-4,w4-5,w4-6,w4-7,w4-8,w4-9,w4-10,w4-11,w4-12,w4-13,w4-14,w4-15,w4-16,w4-17,w4-18
1,2.771963858,43.72700512,2.123062018,2.212369767,1.443456676,1.596580229,1.542410066,2.198316563,1.656916829,2.140971212,1.834560747,1.525138468,1.610872116,1.871626087,2.240559548,2.183117637,1.882604075,2.991416103,1.98634259,1.363303469,3.188895297,8.204225828,1.298988806,1.966816495,1.679978635,1.573624525,1.035095738,1.371753602,1.446702609,1.084161743,1.904165551,1.44494231,1.510620776,1.826924448,1.73109155,1.145863525,1.636010953,1.698285825,1.669090666,1.685353
2,2.595197043,121.5990667,0.908985204,0.698688307,1.046648781,0.752929937,0.632857511,0.559145863,-0.124215913,0.990241653,0.261495185,-0.735661838,0.544153796,0.697837819,0.490718575,0.233353573,1.459227626,0.839310578,0.47940761,0.500884094,2.773398026,160.5161728,1.209354336,1.275977691,1.354171665,1.842856915,1.716453298,0.514830583,0.923115537,1.878229627,0.754315577,1.309118729,0.784642298,0.813080616,1.313701838,0.83257398,1.45846265,1.710954508,1.440307769,1.193434714
3,2.367199165,-3.240726062,0.884825244,0.913392792,-0.40626484,0.547950383,-0.158436714,-0.022086672,0.835022237,0.504013913,-0.137786274,1.021784445,1.696243072,1.048900591,0.051414892,1.530735078,1.171146423,0.866739679,0.744116273,-0.074725646,1.937804101,-22.75779865,1.228625783,0.725412256,1.645913349,1.121635349,0.742283511,0.752154242,0.407189444,0.983453758,1.046428133,1.150806573,1.239191308,1.547860125,0.218033618,0.652913446,1.123358387,0.928739851,1.624806037,0.89116539
4,1.107586393,135.1241409,1.062911139,1.29171855,0.007564233,1.384272239,0.139275396,1.555439994,0.460771411,0.85137074,0.715914274,1.099603924,0.896667286,0.589828097,1.305923401,1.409481831,1.451256187,0.136388335,0.500478217,0.918865648,1.077576353,41.35549333,1.233001678,0.869752407,1.021389141,1.803849999,1.149969778,1.615415956,1.663451623,1.697348856,1.723819366,0.883535959,1.185694072,1.395898238,1.750455606,0.675819787,1.158775004,1.392187526,1.0838842,0.700989459
5,2.212397865,58.40285941,1.324223655,1.260933836,1.720062342,0.935421028,0.898626235,1.464549366,1.17064868,1.13916951,1.31398861,0.855426545,2.240531824,1.771422796,1.830483681,1.102402822,1.219697011,2.127611727,2.584635638,1.683715566,2.493338428,45.4128675,1.394935196,1.514877056,2.436276829,1.671019074,1.340268779,2.09443312,2.192935205,1.227946362,2.077222633,1.3006642,0.514990044,0.857100371,1.455576834,1.799620388,1.333943635,1.266805001,2.351630323,0.80587389
6,4.1067609,113.0402011,1.334903151,1.561863043,1.785852342,1.51129735,1.766916107,1.489420415,1.356429326,1.869810541,1.536627412,1.72158564,1.366678873,0.823112316,2.207819238,3.288246948,2.137990087,1.487402981,2.142357102,1.477423109,3.174358676,55.08505425,2.334006968,1.27674179,0.874142813,1.149575419,1.591512517,0.658252096,1.230056268,1.81060049,0.825737744,1.937725953,1.352780067,1.39462972,1.849704703,1.0211413,1.465162852,1.42600045,1.130555115,1.543438753
7,2.224693264,76.62585455,2.045527612,1.543300107,0.994584906,2.423514857,1.557674902,1.181524103,1.065209356,2.753177162,1.113027547,1.459251584,1.804825465,2.213206395,2.221290331,1.855662399,2.714326934,0.770693377,1.031069796,1.845133067,3.398069287,51.11141832,1.888661894,2.417193942,2.236562925,1.958932478,1.855936635,1.985261029,1.928605019,1.992740685,2.336418325,1.79809469,2.815974319,2.849619506,2.361186228,1.172272164,2.838449387,2.375781501,1.298420865,2.109777743
8,2.864675989,58.3445921,1.972203941,1.590496474,2.066102803,0.799190582,0.680507992,1.54979112,1.042098992,1.200372433,0.611069395,1.409901455,1.260696483,1.573737731,2.270643098,1.879451921,2.145491328,1.411613935,1.795380821,1.715614307,2.462455768,16.35428747,1.283981756,1.471647897,1.107270867,0.83565469,1.217449082,1.388986157,1.689010865,1.786312249,1.624120204,0.730446162,1.455084871,1.665716721,1.63529558,0.942865655,1.344304316,1.07068615,1.119142188,1.367791209
9,4.053869449,85.59292568,2.147688958,1.810481888,1.95658137,1.165099728,2.511983591,2.337108285,1.807726612,2.024213386,2.323925061,1.45986419,2.098967807,1.99225808,1.199231056,2.020385156,1.526134522,1.768559033,1.699987921,1.797785846,3.234301453,151.3790894,2.496433225,1.58928059,1.383546312,1.216294946,1.140531142,1.783521503,1.152705776,1.584808623,1.445549733,0.837298001,1.767497509,1.921725043,1.044038587,2.176699372,1.780477485,1.603313142,0.083281398,1.515334816
10,3.948595422,88.40606643,2.209393045,2.181157636,1.694985916,2.343564211,2.099136487,1.437695583,1.249590818,1.842598794,1.743366313,1.393416302,1.519596347,1.297824535,1.253870009,1.501708027,1.305372248,1.519198981,0.996556389,0.565422187,4.44191326,2.559808634,1.646931866,2.726387717,2.59168669,2.472139417,2.257012535,2.235262939,2.185096155,2.416158317,2.508871275,2.394012589,2.705988949,2.560403755,2.772148105,2.431067653,2.158405205,2.45185548,1.132712469,2.237442885
11,1.474784687,50.81945289,0.872997533,1.056803633,0.494179657,0.515435436,1.174753488,0.302367798,0.396123087,1.360253843,0.93420679,0.523759286,1.154879882,1.062577978,1.413570018,0.488475678,1.738785856,1.052788242,0.106095159,-0.035997734,2.202950516,85.67271449,1.3171224,0.936396945,1.657230404,1.333898109,0.998944354,0.795583059,0.771446946,2.125540082,0.938210377,0.955735174,1.584837032,1.436321955,1.875845925,0.268409329,1.260258821,0.644922745,0.572894517,0.753108094
12,2.020575285,71.07272939,0.856934959,0.926350464,0.959754686,1.381956516,2.053865002,1.348015208,1.259336796,1.156494669,2.149503994,0.397821074,1.03958536,1.277032303,1.832113145,0.654129881,1.433068898,2.170557733,0.969998755,1.372609499,2.604967941,-6.902827451,1.509889862,1.077070972,1.320044796,1.217349878,1.536947969,1.45507753,1.732742462,1.672686402,1.643617493,1.32237782,1.403337071,1.185841822,1.391326036,0.910983456,1.432954863,0.859197789,-0.122255732,1.278494164
13,2.958619405,118.9589446,1.334051454,1.493759979,1.442410679,2.380565756,2.109182776,1.283979505,1.510987792,1.182283573,0.946079285,1.657798516,1.944183853,2.162862382,1.121258358,1.502247962,1.665280698,0.533434438,2.069674264,0.704661482,3.435850294,85.4173105,1.205531986,1.829970978,0.980078882,2.502305971,1.498713777,1.149011753,1.565442142,1.518271007,0.710986955,1.136659805,1.196639204,1.323201721,1.425548459,0.929911857,1.866252287,1.032886323,2.01584967,0.795239209
14,1.750310328,82.66132202,0.483781116,1.188448651,0.324871237,0.647786356,0.841431991,0.501454795,0.531003159,1.329125609,0.41248866,1.065098741,0.524052251,0.489246281,0.366364524,0.760365725,1.296937539,0.087904016,1.797198177,0.542770582,3.08629893,106.8112494,2.012231349,1.749839474,1.757536045,1.460214296,2.007672858,0.521537731,1.13265234,1.091337724,0.67167467,1.829545029,1.142499294,1.536363456,0.811688013,0.675619972,1.954198134,1.171902298,1.118835324,1.151852533
15,3.062118371,102.1147991,1.732854995,2.054139547,2.270201965,1.176429771,1.449936298,1.307999252,1.573292037,1.903867604,0.701133333,1.245913168,1.784565717,0.759843511,1.970979756,2.399335615,2.051329369,1.120100187,1.539883797,1.143940167,3.064030412,85.30145642,1.473561362,1.633870876,1.520571734,1.826986024,1.423886881,0.984290315,1.074317083,1.510984059,1.885671402,1.545636574,1.057070439,1.407292435,1.84091069,1.523579851,1.173237623,1.17881636,0.926165975,1.561897555
16,3.290274192,-2.839766813,1.068589677,2.112744263,1.808705122,0.994184105,0.882740682,2.000234274,1.016347525,0.966836689,1.114881789,1.171468295,1.391198247,2.255635286,2.168208738,1.76573697,0.723592054,0.949398784,0.991298998,0.895881307,3.678369998,15.14327306,2.406952285,2.658198312,2.396774252,2.207861695,1.99429887,1.674399622,2.125120271,2.248991983,0.922742563,2.265214833,1.870903662,2.378765251,1.932909624,1.372782931,1.465387836,1.770038859,0.394090943,1.435665333
17,3.112053167,66.56593592,2.575767439,1.879483279,1.533165126,1.300677672,1.75908451,1.673012245,1.082578286,1.834909118,1.647598965,0.351781709,1.814991776,0.715132835,0.577286532,1.336814002,1.464836025,1.372074441,1.369537225,1.089198582,2.535618788,26.62834945,1.336514807,1.770571552,2.206990944,1.60772282,1.230554144,1.645760652,1.387752964,1.952806188,1.531655994,0.70123615,2.077043288,1.785677837,1.291815097,2.575974133,1.390949654,1.697690542,1.5407833,2.631576366
18,1.870691821,49.52745648,1.5338223,0.643392382,0.653402183,1.927832016,1.045059758,0.631850247,0.31394938,1.699104383,0.894305859,1.256616305,0.821247618,1.081228221,0.226170249,0.835541202,1.711275117,0.777670326,1.145469384,1.345335705,3.369781943,13.15609121,2.429666559,2.143371482,1.487827401,1.975888626,2.036812823,1.505341853,1.695023693,2.390935301,1.971891016,2.139845733,2.244036305,2.103140341,2.23445886,2.629351003,1.720436964,2.177338451,1.909918681,2.191270057
19,1.625088244,58.08899228,1.003161101,0.840986917,0.967356811,0.922691606,1.380471533,0.42925654,0.865471524,1.443196448,0.627660879,0.783209284,1.660291499,1.601915894,1.31697147,1.5842295,1.93963453,0.461560292,1.250727746,0.147576365,2.068283383,3.802579187,0.820648939,1.584956452,1.338534065,1.080540345,1.290072301,0.958208468,1.023282533,1.331357674,1.435588167,0.541938626,1.448510125,1.367729047,1.073692477,0.899659326,1.933004548,1.381083588,2.075653561,1.67964528
20,2.731940689,-5.445010344,1.870730925,1.432844302,1.386309065,1.972014854,1.415912322,1.373023776,1.836284126,0.744325303,0.755883249,1.150313108,0.976143533,0.976576394,1.375677688,1.532587374,1.317009948,2.184370383,0.838967396,1.105786187,3.01977,-42.04266267,1.098865124,1.906921736,1.334967725,1.21691831,1.491836114,1.219656176,0.37688028,0.939077485,0.994817814,1.426012577,1.207414482,1.25711042,1.522456315,1.161554585,1.666589047,0.999197175,0.876815649,0.821881846
21,3.08271308,29.59324817,2.007057929,1.868251305,1.239566617,2.062173521,2.012964502,1.059883152,1.118101008,2.000799106,1.983983532,1.570472543,2.0841264,1.393712528,1.759109964,1.638885183,0.878650276,2.161887149,1.971411689,2.162653952,1.689988756,68.46095992,0.735103731,0.712338866,0.691399383,1.182730635,0.664007291,0.695339771,0.965350294,0.439318047,0.551777188,0.676408975,0.761274153,1.306557525,0.963368507,0.246437474,0.926206451,1.410943674,0.436775455,0.786308856
22,2.197722929,51.71835233,1.464701056,0.783437556,1.55232025,1.078997914,1.852260205,-0.344515182,-0.147205861,1.601626597,0.011322898,0.609269022,1.126418492,1.479483867,-0.036005585,-0.102037825,2.034196518,1.612485481,1.031993428,0.72031226,3.450339434,71.36050345,2.091156765,1.236183778,1.41867505,1.563638891,1.987215449,1.973538082,1.592790858,2.028873787,1.570967947,1.22891175,1.574430739,1.663791433,1.234332399,1.491394914,2.649691989,2.150998752,1.868416677,2.011219866
23,3.244502204,45.22253086,2.292153709,2.146641098,2.200706683,1.27216375,1.053032859,1.341255686,1.752533064,1.74864275,1.567524817,2.272617652,1.478010183,1.619488821,1.564560532,1.061430546,1.740682871,1.59165285,0.660965447,0.336201167,2.659622573,92.55537295,0.878119493,0.920947728,1.337056341,1.044222349,0.637114829,1.233726907,0.946406081,1.579270349,1.231256567,1.980988941,1.753358428,1.645874285,1.744001258,1.9125899,1.696522969,1.212706342,1.538332188,1.362860368
24,2.874426222,44.07463966,0.799562399,2.019747509,2.121210975,0.505720039,0.912401113,0.273104795,1.285067693,0.822021198,0.680393142,1.308135967,0.994080818,1.797636068,1.377152881,1.76931142,2.497544567,2.869764315,1.845695349,2.104459128,3.71756719,84.77873913,2.564537406,2.864499211,2.236635672,2.031000828,2.20332635,1.763652914,1.48539457,2.32650999,2.561571295,1.515280724,1.911465813,1.891117545,1.766613148,1.662859971,2.191911484,1.989802586,2.482005505,1.6300571
25,4.568174148,66.45177462,1.857547178,2.031178031,2.69626497,1.980748044,1.988507264,2.033609426,2.39451976,3.011255439,1.830044798,2.862336118,2.534764464,2.988237543,1.366480098,2.026409311,2.544374634,2.065092257,1.298310597,2.769380284,4.332447867,97.81313307,2.666436379,1.651330228,1.475646313,2.014374307,2.472493335,2.085735852,1.728586164,1.682480176,1.659599897,1.664551862,2.233765203,2.071011863,2.328519962,1.266398116,2.333458123,1.879476251,1.59310806,0.989301693
26,2.113527817,87.2525032,1.520373443,1.628151284,1.11497844,1.150175631,1.484789294,1.751363334,1.917840446,1.54657569,1.441361914,0.886610111,0.679653756,1.139181105,1.309555817,1.568884995,0.950837858,0.289045974,0.679109443,0.621007829,2.327695136,95.63876235,1.167143717,0.755878282,0.703671344,0.817898744,0.653890029,0.918802997,1.115206025,1.388291667,0.702667318,1.06307389,0.969296783,1.357914211,1.265842985,0.890978602,1.455937433,0.876684556,1.097065998,0.983292395
27,2.867006036,85.41772156,2.170062213,1.608814913,1.401217809,1.638407032,1.405312226,2.00065201,1.071038699,1.601078602,1.895136295,0.97950093,2.002767812,1.51983306,1.953014326,1.93743441,1.854650656,2.010732171,1.525565115,1.459831578,2.057241639,119.4097279,1.17859746,0.943981179,0.010479751,0.80363952,0.796457983,0.699597905,0.277357461,0.150718163,0.404489475,0.999428592,0.658368929,0.527320543,0.599433116,1.24018441,0.682530682,0.035868178,0.487695523,-0.133262666
28,3.403774923,58.4871237,2.357059764,2.13114706,1.64101304,1.666649864,2.031650709,1.00780836,2.008615026,2.834393489,1.837188708,1.218970863,1.681435892,1.776978863,0.599549654,0.417081667,2.662071394,1.293285169,2.221226755,1.601350872,2.418017393,50.75179821,1.349932304,1.085158194,2.283290153,1.647684993,1.687162984,2.295164548,1.565569025,1.832707697,1.140002526,1.261552079,2.168934731,1.629679895,0.925968961,1.661129731,1.569359122,1.210832307,1.607337149,1.532653792
29,0.701114968,31.07384266,0.972567505,0.500696797,0.543108023,1.161991248,0.344481686,0.225843912,0.859380493,1.16016807,0.33861036,1.012716948,0.915303507,0.613765396,0.811573764,-0.697906643,1.640461111,0.673408979,0.137544013,0.776796556,2.086036109,-19.73222988,0.540564521,1.18171067,0.594728622,1.56214465,0.283128513,0.705063979,0.589377797,0.924513001,0.287815752,0.806832439,0.262554946,1.102920042,0.455697615,0.355454399,0.857961216,0.043756088,-0.009521651,0.096024273
30,2.854588733,29.36426757,2.036209936,1.333966051,0.978707782,1.182667985,0.935791159,1.07976223,0.969685479,1.077908948,0.982697773,0.99846787,1.297086506,1.695294891,1.993006011,0.34589645,1.733009352,1.981370624,1.277833996,1.437707429,2.624541881,86.38077624,1.99485803,1.5743568,0.407648309,1.866861426,1.867521307,0.984063996,1.146787422,1.849983369,1.26421354,1.113201852,1.114305645,0.810162498,2.002611845,1.735724641,2.089849134,1.025648879,0.958551992,0.550155833
31,3.558899483,14.18275757,1.312056548,2.241462768,1.298380881,2.120691103,1.20825624,1.722802642,1.809336645,1.789993911,1.661196904,1.282735323,2.269858665,2.239554892,2.134414281,1.734808337,1.547903278,1.655468752,1.268559525,1.039078148,4.098243825,55.12027253,1.28496073,1.62627324,1.554094913,1.688762709,1.285769616,1.58935509,1.738241874,2.628028521,1.689887226,2.466000978,1.282297246,1.870375408,2.170016195,2.285099255,1.650122461,1.793807608,1.888094715,1.914408118
32,2.973804305,72.53114884,1.952788041,1.179447431,1.90015819,1.181154357,1.722502683,1.944564827,0.802349473,1.522419825,1.540637362,0.934626971,1.112591168,1.150512779,1.304847254,1.461710975,1.845457856,2.04719598,0.756776687,1.170441165,4.149760164,15.43193234,1.745697555,2.33178462,2.012170366,2.536900836,1.869749147,1.74165977,2.131552787,2.520816578,1.259090433,1.853943392,1.610971859,1.809736176,1.934184592,1.574685932,2.220826582,2.275370016,1.819551671,2.779469394
33,2.867955658,26.2290079,2.777711162,1.853903181,1.98450273,2.248460802,2.829357967,3.078239424,1.605066106,2.344813473,1.386500485,0.964543144,2.030282494,2.522636678,2.218840064,2.618240063,3.065400386,2.089940552,2.701353554,1.562607735,3.80465186,11.44587949,2.359910496,2.233656902,2.008146023,2.086454737,2.241362837,3.084955759,2.140279908,2.45950593,2.718767979,2.583262999,2.289611411,2.630113556,2.446019187,2.843026565,2.105564873,2.139784305,2.394334378,2.321733699
34,2.497536808,49.23343642,2.097010886,1.858648459,1.683518188,1.320817779,1.777692701,2.042948795,1.262952657,1.75087482,1.684357833,1.493377632,1.359468264,1.118657661,1.225425975,1.860839314,0.942471663,1.722124203,1.674659871,1.414463366,3.331743266,10.73630116,1.574034764,1.974234226,1.656630429,1.86005343,1.648443183,1.74406757,1.383477712,1.798310172,1.936215074,0.990568383,2.0390906,1.955000993,1.652367948,1.822195803,1.749938294,1.752303495,1.491315869,1.920417798
35,1.104823143,47.36068928,0.937046293,1.221372145,0.994013737,1.302639457,0.475396597,1.586435163,1.219636281,1.508336602,1.08174758,1.117438784,0.614475289,0.44858674,0.451852878,1.165224347,1.177385208,1.437974425,0.101890344,0.346270911,2.697070942,71.40823806,2.207679627,1.264114943,0.698622898,1.195097108,2.259215765,1.932370735,1.748696392,2.240859829,1.15815016,1.721094709,1.898928097,1.475265216,1.640711989,1.823977703,1.796468595,1.295186532,1.833388038,1.659445859
36,2.247273914,141.5502875,1.686769821,0.740753981,0.731037095,0.886945823,0.949619511,-0.075737369,0.141638405,1.383674756,0.036059852,0.4443548,0.467271478,0.899442633,0.694926407,0.826616686,1.369506803,0.00778225,0.901538833,0.838308019,2.693383236,65.22968623,1.528720351,1.25607253,0.933984811,0.951263114,1.499633885,0.656005659,0.837563337,1.915663938,0.494708975,1.139663061,0.984140782,1.162303991,1.285180073,1.156334065,1.309710981,0.349083821,0.848819962,0.422768378
37,2.964583068,86.59516955,2.091335859,1.454370548,2.023693021,1.568224145,1.698147022,0.975155182,1.289729693,2.350248307,1.808790723,0.705838026,1.727058498,2.363903374,1.569642457,1.689993502,1.911479207,1.68352824,0.897756551,1.097065965,3.30782867,52.96667691,1.785852911,1.799574904,0.979773384,1.42894896,2.279376189,1.824852299,1.962562217,1.455987545,0.995109365,1.804137438,1.98200621,1.295683084,1.45475956,1.547520536,1.934700062,1.923344689,1.784514269,1.884290361
38,1.590463014,99.54436695,1.226621051,1.352311484,0.846197456,1.7714389,0.895280243,1.322130417,0.705607864,0.727846386,1.087635516,0.843315577,1.262685105,0.516111253,0.665772665,0.699027717,1.197736768,1.439741777,1.599922566,1.733910297,2.74965465,104.2534517,1.584711757,1.248856516,1.279521403,0.916783076,1.474504621,1.254043443,1.041368156,2.006420186,0.990703931,0.672382639,1.145511138,0.85815451,1.042035916,0.959850286,1.830017038,1.330032596,1.939698692,1.664927906
39,2.979086868,65.45700632,1.606472383,1.570139709,0.808376895,1.278232477,1.117740619,0.6306903,0.870544761,2.536074528,1.121089836,0.845741025,0.935267273,1.342218305,1.112166809,0.773408666,0.88155997,2.042534987,0.817054433,1.58114966,2.770225286,109.2613114,1.695664491,1.436886261,1.061807672,1.134812526,1.218579014,0.583869577,0.813126099,1.374383041,0.526299044,0.897886317,1.241057433,0.916701732,1.135861343,1.091153703,1.775464796,0.977960759,1.58508265,1.271429893
40,2.08636127,24.29076779,0.745122502,1.43352821,1.398614318,0.069578271,0.613581948,0.57822944,0.305195859,0.998599129,1.194952668,1.263873028,1.068731659,1.204438447,0.905851748,1.203897369,1.661963714,0.74607096,0.900264443,0.325929525,3.157592007,5.503970175,0.992851112,1.271207113,1.141069964,1.030299301,1.02021438,1.654777855,0.73489747,1.211931098,0.356886562,0.628537975,1.521452055,1.541931986,0.592574339,0.880852872,0.99553889,0.992706722,1.831003657,0.926310963
41,3.04791915,89.02769234,1.469919341,1.233017864,1.160805175,1.495377269,0.674356026,0.395433644,1.00004087,1.783258747,0.782466293,1.465265314,1.504340343,1.315325014,1.139348732,2.305807518,1.318858157,1.116295391,2.140797999,1.581145864,2.300310166,106.9894289,0.588044207,1.113537922,0.901254478,0.983606985,0.959977454,1.145220777,1.18010563,1.249052736,0.875779982,0.860152705,1.325378005,1.723517278,0.832948748,1.16565819,1.427110315,1.364304912,1.517413123,0.642677979
42,1.578210595,28.49711758,1.30638043,1.235176715,1.249738702,1.72829976,0.992147833,0.559584776,1.058020493,0.831944011,-0.062864767,0.092573331,0.457540092,0.034819514,-0.083951636,0.349257858,1.621693873,0.267574795,1.490505852,0.480208478,2.481595573,-40.38591585,1.173269003,0.954979155,1.385722977,1.083831314,1.342134878,0.610387773,1.173692525,0.786405058,0.859943306,1.738113867,1.210526594,1.457131414,0.749877372,0.691613406,1.410368321,-0.048316,0.921038343,1.69221637
43,2.368771681,27.60813381,1.065101902,1.143385824,0.733793463,0.954674171,0.098611868,1.075095139,0.876088664,1.510718154,0.867708062,0.260191211,0.47894235,0.890568733,1.443442913,0.799300262,2.229050402,1.643923766,1.04686757,1.186282173,1.692699233,114.3230481,1.618221357,1.372358711,0.861679888,1.639604147,1.098960703,0.777137284,1.249734368,1.217067747,0.746814117,0.294041446,0.494703692,0.157059012,0.636931437,0.602310833,1.288986867,1.239181822,0.289994232,0.971464746
44,2.56047058,47.39297223,1.917052988,1.952424242,0.440036515,2.430382983,1.66783715,1.275894668,1.477853626,1.657773508,1.509089924,1.142097609,1.545355992,0.768477624,0.502804659,-0.174140687,2.132395401,1.048298612,0.980218086,1.166206236,1.124374275,68.01598744,1.83953635,1.073979787,0.691867582,0.706929405,1.171642498,0.670195824,1.65675945,0.974541077,0.580041088,0.38440407,0.541377263,0.687854299,-0.165018186,0.504970286,1.231402523,0.182819822,1.198341275,0.219147261
45,2.796177426,29.13304615,0.945336721,1.24861916,1.270862039,0.326048827,0.304202075,1.296960202,0.368312234,1.166725945,0.893050769,1.350885157,1.315757956,0.565236683,0.586502094,1.197321369,1.22245673,1.96815323,1.896661087,2.132150033,3.260969713,36.47104141,0.901787454,1.348929617,1.618009251,1.155956022,0.616899533,1.610879879,1.417233256,1.458127258,1.700696887,2.180288082,1.942698311,1.814980418,1.192887174,1.598774151,1.197428324,2.06649925,1.909069114,1.548216246
46,3.90639435,56.30888017,1.982022795,1.662530508,0.604323728,1.410233154,1.83929661,1.346861735,0.962140793,1.26422926,2.108318011,0.783605336,1.587763454,0.972709323,0.105124605,0.346112115,1.609427714,0.641431403,0.254652227,1.87886014,2.627489284,53.85491895,2.174327453,2.686508308,1.60516126,2.16425965,1.584801429,2.179688366,1.994246645,1.441335103,1.756480257,1.730767114,1.646541578,1.740817099,2.145177613,1.463056781,1.434352751,0.386598766,0.864588082,0.37157062
47,2.973289672,59.46208948,1.878871581,2.155857036,1.815357664,1.068925939,1.544716087,0.825126793,1.607258767,1.282082523,1.508608027,1.74814346,1.494904935,1.20866057,1.378161491,0.996253803,1.218135886,0.2660297,0.389089827,0.269608034,2.524195629,-4.819235367,1.581746086,1.289112079,2.111102986,1.173104277,0.785960921,1.019907146,1.470261554,0.798432723,0.913694633,0.768996848,1.441949254,1.245152902,0.841798942,0.784141366,1.688892123,1.390167293,1.278590592,1.493382594
48,2.146755934,19.88465129,0.48630602,1.101734871,0.420004748,0.422638848,0.408552483,-0.032137014,1.130166254,0.114806522,0.021038021,1.697054825,1.438049047,1.512387445,1.316581093,1.315007766,2.012770648,0.302855669,0.691327729,1.303001002,3.527120982,-12.60166313,1.734455384,1.265846847,1.38321606,1.409017606,1.764475421,1.413730517,1.410009678,1.287964059,-0.021913598,1.065974789,1.485372474,1.53269763,0.975232052,1.347814494,1.179732691,1.589212509,1.477908463,2.047797734
49,3.348789405,80.67146004,1.063712057,1.008048165,0.966034376,2.485812408,2.442789769,1.590649193,1.41033728,1.515692613,1.452573564,1.344342928,1.876927193,1.075540775,1.665200751,2.334787851,1.767367364,1.308783498,0.884695582,2.84424091,2.788971153,58.879162,1.534847303,1.667625846,1.537551835,1.689234726,2.432455569,2.020319188,1.53710582,1.314730522,1.48235685,1.450489341,1.468154335,1.55269595,1.335433059,1.73579825,1.438492016,1.332953434,1.388499509,1.385701852
50,3.813197325,82.57003841,2.137089432,2.507035309,2.225938595,1.896178501,1.583824246,1.86129123,1.375375937,2.85580128,2.351522392,2.345495947,2.010706956,2.612574853,1.850999649,2.222810573,1.47643603,0.93985686,1.049063979,1.184714796,2.999979994,63.9890877,1.41886377,1.806000635,1.956375761,2.555071933,1.247610452,1.99412663,1.404375418,2.372720858,1.857498993,1.46048239,1.920719901,2.070598778,2.010799235,2.025342183,1.708608619,1.495876263,1.634411242,1.136382169
51,2.146207695,105.5696193,1.413612103,1.006791852,1.069939208,1.606525976,0.447312114,-0.433608511,0.680426391,2.006453876,0.591200798,1.444234783,1.308359143,1.153654204,0.441298111,1.176493055,1.792780602,-0.201152091,0.515852879,0.191901411,2.609622222,55.02101548,2.135425762,2.341246329,1.33322357,2.02191956,1.158964764,1.103001947,0.627596179,1.859393629,1.684974858,0.929476924,1.615406323,1.792252594,1.183002073,0.746066927,2.395097563,1.638415221,0.394234314,1.03789289
52,2.618927531,110.575114,1.860726561,1.843103039,1.170259164,1.27698013,1.353146624,0.79653964,1.060831985,1.645355433,1.709791245,1.20215801,1.054987143,1.630879253,1.140087126,1.293237067,1.39665627,1.943548138,2.115289367,2.244176039,3.686041971,104.6835981,2.30593238,1.949440588,2.181164966,1.669876474,1.624849687,1.027408172,1.429528736,1.866002864,2.464867145,0.443151509,1.803405487,1.0957176,1.429317731,0.902265152,2.582705723,2.904374265,1.783581599,2.21057733
53,2.372928469,14.06134398,2.091966266,2.291496062,1.70914326,1.288749291,1.564024908,1.547532586,0.883281349,1.572595742,0.882982417,1.683263593,1.960325695,2.606322887,1.380622747,1.655728631,1.360201065,1.781100414,1.865705003,1.54369199,2.841163454,-88.24141943,1.590790817,1.450417219,1.33041041,1.869685671,1.679548549,1.864935206,1.008992858,1.020968752,1.468600526,1.169843263,1.583863566,1.492662203,0.927733619,0.953044069,0.705386036,1.539970152,1.035311317,2.181836792
54,2.37901673,70.94023443,2.398742313,1.356136216,1.841241466,1.878125324,1.301381731,0.864037089,0.912301398,1.162887459,0.965756181,2.035256218,1.710038833,2.078608114,1.618405143,0.942557541,1.722495444,1.042857442,2.048493908,1.500423326,2.504023557,60.68067951,1.866455611,1.865463481,1.478432418,1.758817219,1.417478132,0.5143717,1.642661395,1.919167619,1.579011009,1.718313447,1.606076811,1.59025918,1.736953754,1.265977661,1.094248644,1.260209153,0.817227963,1.008281066
55,1.503658374,74.57811986,0.669655108,1.903005345,0.648378542,0.70357718,1.968545855,0.639628104,0.963846112,1.506684226,0.931680948,1.744544751,1.372384126,0.898809776,1.097145366,1.407558885,2.219672532,1.45067513,0.723857556,0.979324031,2.882576926,-12.98855581,1.520121513,1.897824549,1.599654344,1.922069073,1.886101667,0.781532045,1.7495549,1.76455557,1.432170892,1.020690733,1.304845999,1.255342602,1.657958275,1.111467922,1.983109877,1.649364145,1.28630059,1.81704528
56,3.086643376,38.426907,1.280071938,1.71349933,2.124701203,1.394105898,1.335342806,1.226855169,1.991774371,2.360117764,0.781457001,2.076327861,1.510016781,0.93157222,2.228279717,0.901425565,1.479523749,1.864513094,1.733810004,1.537818886,4.275932837,24.8522874,1.751151721,1.887936046,2.056760175,1.961517,2.300113827,1.321054089,1.799216746,2.103834712,1.846104561,2.079420255,1.673359954,1.575956235,2.067627141,1.064193421,2.200130658,1.897919247,1.851251034,1.981203585
57,3.097580832,76.47061552,2.62620498,1.860633713,1.935869826,2.097877047,2.269223387,1.969510668,1.745210278,1.414269756,1.527858897,1.129565537,1.152365999,1.522357907,1.525031663,1.514496846,1.168957081,1.458849041,1.313328467,1.203655312,3.283037538,57.23069981,2.520680573,1.061710708,1.80673506,2.199263528,1.881876607,1.80381841,1.94547505,2.012799258,2.20228258,2.052876715,2.159396514,2.834378465,2.747886319,2.509686357,2.407793475,0.775686882,1.296047751,0.96216412
58,2.35370522,65.83020772,0.877751383,1.148738098,0.875542995,1.950245841,1.039338389,1.243662815,0.781656039,1.479971387,0.666400073,-0.209845193,0.674661478,0.489073257,0.630506517,0.55967546,0.526004674,1.04126907,0.075055603,0.452993564,3.355520977,42.45872504,1.558232136,1.655087112,1.817220394,2.304593387,1.027349682,1.595089747,2.498432221,2.148505561,2.096431271,0.909604336,1.434350722,2.131049736,2.054438998,1.173740206,1.068479266,0.945997186,1.80013079,1.20827572
59,1.548990011,72.59088848,1.285466753,1.278198055,1.543034383,0.956849732,0.715853095,0.456663843,0.542363303,1.331446607,0.766932329,1.554490844,0.885301407,1.275938448,1.514853719,1.732857,1.817756708,1.09932999,1.329258832,1.50822339,3.003245724,54.21652102,1.780201276,1.419853056,1.663566775,1.478768416,1.265733574,1.498072383,1.185141898,2.146162475,1.012361957,1.477592013,1.715577394,1.932304066,2.171998539,1.515662106,1.38746943,1.211749627,2.040124611,1.525119748
60,1.435957934,5.923257723,0.738103408,0.917540115,-0.08282943,0.582693865,1.324178069,-0.091972084,0.296943308,0.583186632,1.022736413,0.090865043,0.789010745,0.558661597,0.868710285,0.897741957,0.793865039,1.489848623,1.576349821,0.691142911,1.526376596,-0.468700099,1.07887426,0.131993695,0.185166021,0.115455475,1.217785048,0.843718588,0.658810589,0.403774275,0.731696105,0.567675467,0.192741531,0.867929167,1.247180529,0.6604829,0.661093443,1.288459723,1.147808325,1.138363425
61,2.860951007,45.26773088,1.152883313,0.92561445,0.80029995,1.207977153,1.312759284,1.480188402,1.458583838,1.150823559,0.826769949,0.783876521,1.310186772,1.261714809,1.274602495,0.807413433,1.809606877,2.19944623,1.212428877,0.938120695,3.381938767,78.65127662,0.935653806,0.829671034,1.147582713,0.485025436,0.912227606,1.537539138,1.387615752,1.553228051,0.999696914,0.955002924,1.639022147,1.527273377,1.889773411,1.817756609,0.998851991,0.747994941,1.088113392,1.014153534
62,2.291790052,41.52108651,0.535450113,1.169056831,0.845635998,2.289596114,1.702876201,1.114850597,0.842872388,1.637099428,1.428612069,1.270005863,1.249678821,1.647289923,1.534427711,0.982765903,1.316197548,0.823886115,0.524139585,1.126390338,2.703250251,60.00475172,0.228027325,0.818986594,0.051106631,0.540426411,0.678541902,0.752213757,1.177004482,0.983794124,1.457291049,0.933894286,1.068965594,1.074067568,0.308294175,0.454908052,0.84291593,0.201876876,0.195412783,0.132260439
63,1.383009277,56.86037988,1.506379279,1.1168818,1.080679385,0.805888279,0.714336026,1.230210431,1.109671688,1.457492389,1.389689646,1.208941226,0.972963471,0.671889661,1.145776206,1.525552074,0.933427777,0.654754621,2.391495893,1.274684794,3.370968564,52.57961893,1.602834315,0.859399472,0.703257189,1.739359456,1.494653118,1.203835114,1.130231901,0.645723254,0.690109081,0.084438672,1.37280113,1.723079062,0.811656747,1.445584522,1.788163333,1.043312451,2.099053357,1.24138188
64,1.086167406,37.18600814,0.575816615,0.484289019,-0.064421848,2.176008247,1.37197949,0.315258341,0.156876015,1.042784236,0.125754793,-0.115096547,1.053195988,0.669047432,0.23430264,0.390438622,1.222627332,0.585771907,0.098641833,-0.334640576,2.305229275,53.14305136,0.832635098,1.113570782,1.373001687,0.810988251,1.229670657,1.906567677,1.662532959,1.114404267,0.950558756,1.234850064,1.311758493,1.151285029,0.759895385,1.064370779,1.242095409,0.868125207,0.767814795,1.029787548
65,2.246308393,114.6017107,2.095577905,1.222284301,0.537615826,1.733664276,1.109593148,1.394122461,0.848496453,1.46058799,0.527730193,-0.104606686,2.211512979,1.542718598,1.639499019,0.649531373,1.838600173,2.187199245,1.707747864,1.391385463,3.256855771,49.51292056,2.19070775,1.90756617,2.008417188,1.969889568,1.761606307,1.051238986,1.331949348,2.802350522,1.12634763,1.667505336,2.169624104,2.059903927,2.134014499,1.393012892,2.781250926,2.776922948,1.119689113,2.622461148
66,3.738834784,58.19529969,1.848551806,1.793959653,2.810296106,2.073512491,2.046856644,1.122486539,1.698084932,2.356481244,0.911017779,0.475207201,1.798413892,2.135977045,2.565061756,1.06626274,1.99497655,2.21585606,1.844395416,1.644384722,2.640555734,34.17472071,1.465412805,1.124270182,1.632261865,1.540063733,1.07120007,1.620807327,0.659094671,1.898485432,1.99699663,1.338787893,2.004157615,1.538275711,1.381472085,1.08782969,1.199581457,1.670369391,1.362768743,1.153322325
67,2.089265741,29.07144042,1.59221159,1.326858608,1.564211159,1.37712652,1.415197011,0.572778619,1.077379838,1.398104527,1.212160812,1.216289319,1.04091282,1.478270801,0.805560506,1.169859468,1.85841435,1.168798119,2.050752236,0.462308901,3.015519566,3.917614431,1.361981208,0.91983065,0.967985062,1.026589273,1.08935664,1.365998423,1.218564384,1.403998813,1.773212527,0.734825976,1.200933956,1.427124438,0.857202724,1.605042944,1.482733312,1.048786361,2.117975162,1.511077788
68,1.383154025,1.950802386,0.413576217,0.530037102,1.037032854,1.372308302,0.987706487,1.479732702,0.217916226,0.89381822,1.410288598,0.515974206,1.208209951,1.398007737,1.019659627,1.833542727,1.44179197,1.285625574,1.590184555,0.943206738,3.299430842,24.63063212,1.393034538,1.958859179,2.041662341,1.601199247,1.235891048,1.455033917,1.799206696,1.142779941,2.179006618,1.524995999,0.913767327,1.052883913,1.988118972,1.936754529,1.190048277,0.895417406,1.334399938,1.338868824
69,3.241447231,43.66390108,1.919343655,1.696006856,0.903917503,1.947928694,1.320579262,1.433904577,0.729255536,2.109738221,1.668188241,1.046468261,1.751766424,1.043154711,2.298136274,2.52804739,1.968538697,1.426277365,1.791604632,2.738424815,3.645653771,107.5594923,2.219536026,1.562196657,1.107758472,2.179015511,1.937974538,0.994205565,1.05613794,2.001389779,1.258233118,1.936938262,1.978474797,1.924953277,1.357959168,1.9886767,2.725332733,1.129406694,1.724687716,1.371079944
70,1.7985083,99.74670014,1.398714827,0.645388702,1.106409794,1.093025788,0.300125848,0.509793221,0.889476846,0.878078483,1.064683507,1.113581099,0.869885902,0.718134383,1.758848033,1.173999327,1.827595166,1.729700707,2.37040103,1.699479768,2.716444006,47.34508841,0.599990577,0.69905553,0.464076651,0.701969147,0.96316163,0.964710066,0.784029451,0.610580243,1.167438434,1.124902128,0.02415767,0.7957374,0.814998007,0.685945423,0.911962592,0.940590003,0.183803123,0.571737526
71,2.161803478,71.27877404,0.644498301,0.417943951,0.565685986,0.760656381,0.509521333,0.619718859,0.222507631,1.429858487,1.151968641,1.262910433,1.391602455,1.060974846,0.750281997,1.04557549,1.610808844,-0.270315252,0.902323082,0.806116482,4.25498694,62.06882605,2.176183594,1.558656069,1.488537466,1.493078189,1.425410125,1.375547298,1.692041926,1.444194504,1.673707587,1.237981354,1.62050089,1.81219075,1.107935141,1.705399602,1.784644956,1.452904567,1.563999129,1.55568582
72,2.334511026,77.22672128,1.215490091,0.778964951,0.626151244,0.852822096,1.574245307,1.39917824,0.829988125,1.463600933,0.621626077,-0.054263612,0.567638059,1.395290251,1.640530258,0.907675443,1.550592653,0.97103531,0.771272042,0.825490911,2.569875554,81.22900886,1.353174685,1.527068903,1.157304278,1.994082093,0.916714529,0.330890232,0.861311225,1.804952536,1.105798165,1.646537232,1.121247712,1.36599471,1.520124227,1.995231959,1.783348611,0.784557697,1.045074136,0.780052875
73,2.603304208,58.93045608,1.868653644,0.77112167,1.25693628,2.05825837,1.697472284,1.147120317,1.586599826,2.214485469,0.964427312,1.872409867,1.729711345,1.709665904,1.806883069,1.746016224,1.917311034,1.273989663,0.823564697,1.771360882,2.324464899,90.44406425,0.861838618,1.172562981,0.672480679,1.308094558,1.52701571,1.324407228,0.783826824,1.286803906,0.620918064,1.49176751,0.208903584,0.673115829,0.938291258,1.413618616,2.214124447,0.704230756,1.037423525,1.705158482
74,1.672397534,-2.289091734,1.984764455,1.335109673,1.395114038,0.754633841,0.774128264,0.818281806,-0.027310524,0.904507236,0.718343556,-0.055456547,1.444303826,1.700204009,0.998226773,1.548869725,0.303256077,0.576417379,0.560595266,0.648073573,3.128347836,15.66076103,1.62168581,0.932656261,1.514815505,1.219886323,1.286276826,1.284570828,1.08265639,1.377566382,1.284315169,1.541751615,1.176959214,0.830469669,1.426600361,1.135121081,1.557865321,1.274845803,1.368134639,1.187487989
75,1.925813115,22.54713936,1.72553602,1.139852553,0.844690244,0.998137263,1.811506748,2.007809828,0.662287403,1.637345445,0.236334135,0.083207478,0.694799357,0.25282133,1.32204621,1.547771246,1.018467073,0.481665582,0.896234098,1.509390171,2.401838396,47.51809918,0.921236256,0.825724255,0.535369601,1.555736185,1.444875833,0.98094141,1.207405105,1.243087654,0.494258954,0.533861522,0.617773939,0.882453242,0.972944409,0.996101272,1.692033648,2.170342203,1.559398639,1.241473324
76,2.676038277,41.56216249,2.086936132,1.433850977,1.4761729,2.652710208,2.700933322,1.948941529,1.653493674,2.360545005,2.221384061,1.42123333,1.491127671,0.976882429,1.398377797,1.993395065,1.500196378,1.776808054,2.21981374,1.55523784,3.838029701,-2.890076519,1.502935568,1.892760701,1.948490042,1.82623855,2.497532427,1.748463748,2.15920756,2.094664954,2.499605192,1.597719308,1.355218701,1.672188133,1.812523695,1.921887421,1.451737059,2.051595303,2.608363507,2.006714369
77,3.33553738,99.58772632,1.96099785,2.572591803,1.64034069,2.361433791,2.303890335,1.627614679,2.16709768,2.897408283,2.632620547,2.539469551,2.708296842,2.186072072,1.561379731,1.513718488,2.770663367,2.886795089,1.736448575,2.28561104,4.208731585,65.84654056,1.683355614,1.954014388,1.300221612,2.316972362,1.244620818,2.092144681,1.57764621,2.097716872,1.780309548,1.747676008,2.064209061,1.94805196,1.529946743,1.198238805,1.919405887,1.51411941,1.642354535,1.781002476
78,1.681433911,73.38366813,1.605634377,1.140960789,1.188797447,1.577079616,1.483309205,1.228225477,0.982471893,1.659088826,0.564088866,0.606444198,1.800696119,0.927226062,1.968690559,2.58524682,1.834343945,0.941707075,0.979048171,0.729830826,2.569718003,153.3797424,1.339691011,1.865846913,1.09882082,1.305168445,1.975798986,1.100068534,0.703152975,1.373151784,0.372605045,0.456976736,0.785174592,1.009268241,1.464290513,0.63621074,1.658892023,0.961739185,0.465645241,0.487344176
79,1.895252556,58.7077534,1.417397592,1.36663379,1.189812532,0.813390412,1.281629185,0.592289704,0.368802251,1.773023039,0.76504098,-0.538665243,0.558874866,0.691554835,1.212787446,0.318779014,2.449845234,1.719361074,0.788909536,1.771168323,1.538210062,112.1806087,1.067234227,1.236258583,0.913706036,0.379253407,0.830733885,0.486164991,-0.209473621,0.991907775,0.230609035,0.437723938,0.804266129,0.526905312,1.252455225,1.108787702,1.823000013,1.257421239,-0.359928429,0.395289006
80,2.537696719,93.36099346,1.808896113,1.688344647,1.258360215,1.6582184,1.69861852,1.983132502,1.507601313,2.185192026,1.78389559,1.241269292,1.778020845,1.090856117,1.828899742,1.302784874,2.373325722,1.521869517,1.372165552,1.488965144,3.44603034,34.16602605,1.620314895,1.617255164,1.886642926,1.724562477,2.476152964,1.022274414,1.581224138,2.11907454,1.203705949,1.297579778,1.919117595,1.701372594,2.189946644,2.183621481,1.926236173,1.628501936,1.95054332,1.966173469
81,2.261265053,76.41274263,1.664074975,2.218767359,0.660760636,1.432624465,1.480527544,0.436344426,0.366507812,1.680875705,0.836855546,1.575664018,1.791779655,1.351000073,1.299178386,0.504933508,1.993427271,0.818881723,0.831709938,1.304827136,2.001215176,76.16073204,1.703295767,1.278664003,0.691288222,2.102351317,1.283418442,1.648018634,1.289079889,2.056737022,0.548091603,0.493877168,1.111337521,1.039344428,1.687465349,1.436319371,1.812113134,1.129181825,0.765281012,0.989560375
82,2.906106894,61.54120727,1.295785733,1.857297699,1.647755798,1.475618486,1.362528475,1.401580211,1.019629224,1.788204649,0.710911534,1.343070126,2.386656463,2.425348078,2.219354091,2.521274581,2.569128996,2.03189209,1.242366693,2.337739023,3.29675331,14.44087678,1.659348977,2.062342992,1.550686191,2.831750757,1.971105294,2.696515068,1.132001565,2.262161858,2.353415375,1.589531276,1.960027603,2.445018255,0.819291716,1.649493233,2.361497794,1.505911184,2.413749244,2.212420258
83,3.213374927,38.37665737,1.578746234,1.874723082,2.350746627,1.075372267,1.096583691,1.276286082,1.763279775,1.312181436,0.641166404,0.936498066,1.291736164,2.364190639,0.061376688,1.208221073,1.498853247,1.052249152,1.63596905,0.991645573,2.650198614,60.53039248,1.052430997,1.220788867,1.380123937,1.571141829,0.322533802,1.071237415,1.276357383,1.349685717,0.339810874,1.571049102,1.127258055,0.708492151,1.187872943,1.770706713,1.066155439,0.146063456,0.984012615,1.39102132
84,3.409371903,25.6475635,0.594566241,0.038701723,0.793947877,1.082814103,1.73249071,2.216251033,1.135358876,0.99229074,1.21414086,1.022206957,0.890009566,1.096828493,1.10855417,0.887638109,1.409606492,1.200797539,0.634893007,1.156851021,3.672098366,-12.64845234,1.080302596,1.993851197,2.257202145,2.116566034,1.959622001,2.445847133,2.173762381,1.687080567,1.548301603,2.025408353,2.473667141,1.818148774,2.427792586,2.016152101,1.701741051,1.69346438,1.996328455,2.134453746
85,2.462976263,58.26811173,1.980562215,1.246779502,2.265181058,2.124276238,1.425428997,1.027557779,1.109387695,1.698265278,1.388912843,0.496781897,1.418881857,0.628425337,1.001744209,0.913234863,0.75950658,0.920618562,1.609296474,1.361032128,2.837336168,88.61056966,1.450250441,1.79104754,1.388223566,0.9488603,1.034090022,0.576040021,0.910477814,1.372323423,0.719771571,1.367485889,0.926622048,1.262764137,1.316103463,1.137756783,2.587125876,1.010106831,0.951892063,1.841462618
86,1.855750138,112.2233826,1.952832715,1.071534894,1.056036314,2.117771092,1.811095583,1.507026804,1.300310078,1.217991355,0.376375694,1.466427986,1.618802625,0.796539013,2.11519168,1.478231385,2.440039891,0.908319277,0.410442838,0.962986105,2.498056313,69.01455676,1.754047295,1.839836384,1.553624551,1.695017531,0.925562966,1.480501817,0.881616474,2.574156158,1.150661242,1.425915284,1.356020913,1.643344714,1.463316623,1.48041749,2.3317103,1.70568438,2.507632048,1.853767556
87,2.544023989,93.95537404,1.838646471,2.587430052,1.850408287,2.736056823,2.124663625,1.683500637,1.419151206,2.401883328,2.185216548,0.748476574,2.11673714,1.651153379,1.436086391,1.799132313,1.996428807,1.416360663,1.076678812,1.020225551,3.03523583,70.53537246,2.005811039,1.271957872,2.157626116,1.962419487,2.253966996,1.952922014,1.07238659,1.872305243,1.638112228,1.241875063,1.409447516,1.469771261,2.127199865,1.728469616,1.737306616,1.8698286,2.200672675,1.407503865
88,3.111164988,37.57780937,1.085663854,2.183537578,1.131174308,1.265654496,1.097421111,1.559321624,1.403206257,1.219897867,1.437245035,1.509500625,1.409454942,1.497867787,1.209738244,1.162055603,1.432378308,1.42227186,1.831588051,1.503528796,3.412323518,88.5176843,1.413003352,1.378967099,1.48019997,2.419833922,2.009403434,2.053065832,1.189421042,1.791636175,1.854199133,1.225886627,1.390115776,1.692618222,1.616321697,2.105449259,2.522785151,2.364902896,1.696213274,2.320832305
89,2.879798269,48.76560142,0.879362115,0.642599819,0.900525557,1.418516899,1.010075384,1.18676164,1.571843272,1.051702678,0.998221419,1.198050248,0.929383172,1.410601488,0.770123667,1.623661287,2.485196764,1.197712382,1.524343013,1.103131688,3.788838761,-66.408238,1.835039016,1.312659716,1.960681726,1.980843885,2.097127343,2.110689016,1.261557387,1.858576559,2.57493168,2.401349773,2.394811658,1.96154689,1.232166233,1.584013375,2.637047127,2.972361881,2.222607164,2.098897834
90,3.001467365,37.50956196,1.458319613,1.857373973,1.313403016,1.248986881,1.131707067,0.762010512,1.384843483,1.120506159,0.774349812,0.766472942,1.482028405,1.273270041,1.275686208,1.073623945,1.170878636,1.05745969,0.346820311,0.666921008,3.29823478,46.56149884,1.358316898,1.317378688,1.591941743,1.315460023,1.074435363,0.528758438,1.502531669,1.585272708,0.922570903,1.314240389,1.23603564,1.419422627,0.942364462,0.893298526,1.42067294,0.533850346,0.699570655,0.723306824
91,2.577808237,56.88126581,1.288169284,0.744587887,1.095413602,1.639670608,1.229565254,1.989472556,1.815093907,1.771613014,1.091403817,1.304893185,1.508345312,0.523065632,1.716521836,1.292146104,1.814907108,1.864359635,1.208013524,1.862354847,2.47376237,-34.07520429,0.997068843,0.942116205,1.344299192,1.163553184,1.189292244,0.726150013,1.139480008,0.841972243,0.798465241,1.754089464,1.875959583,0.834138915,0.722201895,0.925268506,1.266979799,0.488374043,1.491708602,1.39756964
92,2.76990837,25.38400881,2.208194298,2.25579303,1.342509838,1.260877512,0.965980998,0.521854392,1.695220731,2.07277862,1.438018888,1.71217828,1.787271883,1.606310302,0.631710509,0.857979305,1.858517068,1.189650554,1.38009722,1.445736507,3.71115422,2.672286802,1.319804314,0.900341677,1.179760924,1.516405814,1.028595165,1.50384409,1.249541658,2.286612197,0.529591718,1.635079847,0.920145922,1.229216874,1.273653438,0.706500364,1.955990656,2.24690372,1.376989497,2.128278457
93,1.379027694,98.55570029,0.923669074,0.564226655,0.860122015,1.596153056,0.585879854,0.682546708,0.8744904,1.174816311,0.497721444,0.227772199,0.462014457,0.505915721,0.731137714,0.934553506,1.17517393,-0.40287827,-0.133767982,-0.261048947,2.034229433,91.67338087,0.562316211,1.000419892,0.986217275,0.8502439,0.673393018,0.856149368,0.567392038,0.980191566,0.923523891,0.758888179,0.845072232,0.9404549,0.499275208,0.605242102,1.144215313,0.27080294,-0.194369633,0.457798283
94,2.150834767,75.79230614,1.374951983,1.03870978,1.902986143,1.744362236,1.661334997,1.38020348,1.362267924,1.837652886,0.83862963,1.282939944,1.435872987,0.873178864,1.654687353,2.016366106,1.744648551,0.78149069,2.045931645,1.416771163,3.021236068,64.88634027,1.914701923,2.063928718,2.469331611,1.716134167,1.174208936,1.325552157,1.937471227,2.641497571,1.665579746,1.406570228,2.057373523,1.623015805,2.701863598,1.864397208,1.449101754,2.226577071,1.239684854,1.949710224
95,2.634621626,51.15403447,1.486423034,1.781116532,1.31835717,1.680838023,1.300000336,1.318968521,0.95606131,1.183114593,1.69828751,1.468247976,1.857696506,2.636889518,2.070326065,1.142513302,1.302006303,2.428431561,1.569308416,1.441405541,2.858780304,48.261622,1.644697345,1.429004696,1.423002181,1.497093952,1.171344214,1.75366583,1.466515838,1.356877876,1.978559844,1.763441829,1.825715599,1.477726173,1.319229367,1.657251968,1.334467801,1.754101055,1.557419651,1.661855039
96,3.315076213,72.59343963,1.113757906,2.247312864,1.788096979,1.655984057,2.093729116,1.675402852,1.474826863,2.144474797,1.841543333,1.39798508,1.187950749,1.008065782,1.669195618,1.834096621,1.245546203,1.306917055,1.869007483,1.411356461,3.199387283,126.8568626,1.335351904,2.30330134,1.66399259,2.43947566,1.872708287,2.104011983,1.715473754,1.986861395,0.786201412,1.935898605,1.938815123,1.900020252,1.409239764,1.550502587,1.657794711,1.134569112,1.610058711,1.426672855
97,2.95063065,75.88523668,1.620027377,1.577854199,0.578432652,2.062776484,0.90616067,1.414107553,0.072675387,1.503687579,1.52858409,1.121387976,0.826045299,0.577559133,0.705686072,1.395218246,2.195275659,3.300047672,1.475775056,1.397529307,2.665820872,76.35535202,1.803561079,1.738166517,1.064429518,1.978435739,1.645406725,0.914061094,1.0106632,1.70706012,1.499074186,1.182927438,1.501879983,1.785716829,1.160104236,1.442789744,2.127540425,2.309975517,2.227311708,1.957530793
98,1.722426883,-11.77808896,1.962711073,1.581104923,1.459732264,1.558505837,1.159252887,0.844465289,0.585753343,1.916848118,0.914530476,1.173471589,2.051957553,1.639598708,1.645121649,1.632107776,1.545027415,0.877700798,0.613338903,0.047408628,2.42013536,-22.93185222,1.808346011,2.418228209,2.095441548,1.38946409,2.385942273,1.275096356,0.999498626,2.04020673,0.89097605,1.756541036,1.629756282,1.544251266,2.113097595,2.072656712,2.68400161,1.204148119,0.935460365,1.329580408
99,2.176787871,-1.676493526,1.721692048,1.384605903,0.907769035,1.306046651,1.089817421,0.896019877,1.471377386,1.573919876,0.729512644,1.844545305,2.001388366,1.692092872,0.836016863,1.542898753,2.302201341,1.988642009,2.325280196,1.063728457,2.295693178,46.14976249,0.798222199,1.092825631,1.213699981,1.485890983,0.819354355,0.917112767,0.906477855,1.355879516,-0.254852374,0.909827948,0.741826749,0.508044789,1.167109175,1.049800979,1.873321472,1.033819443,2.25438596,1.386729443
100,3.102208209,106.6287317,0.756010154,1.395517409,1.184852455,1.00008202,0.524288467,0.744812744,0.141804992,1.324969149,0.342606804,1.358037379,1.552543057,1.517819807,1.256734051,1.601432069,1.089250792,1.360824399,1.182982348,1.929085885,1.86002113,50.77725353,1.39895138,1.223793825,1.184407394,0.88308643,0.497415687,1.153789606,0.859643504,1.224772712,0.534160371,0.254985672,1.071851692,1.391879028,0.498097894,0.422108797,0.67817852,1.561870836,1.190888731,1.01371948
101,2.330949113,1.80058607,0.184901937,0.572558193,0.9318652,1.493893847,1.036799468,1.285228677,1.519590649,0.936985814,1.187030038,1.501065808,0.994328087,1.389353722,1.203655636,0.577979545,1.529179562,-0.687265679,0.7335626,0.258269833,2.40378655,62.20593015,1.180595846,1.276260091,1.180132358,1.35802792,0.937021253,1.249026285,1.38210231,1.40671807,1.264990187,1.463139559,1.300751065,1.013587364,0.846659624,1.657248848,1.712985531,0.668116354,0.646448872,0.879978022
102,2.409556716,10.10168725,1.519615709,0.937832725,-0.255632441,1.478111979,1.275138774,0.750243152,0.688423036,1.141286875,0.3174336,0.081174181,0.344887108,0.714436929,1.886328206,0.357939765,1.517045674,1.476299893,1.422683906,1.061907848,1.501119143,19.28100384,1.575082316,0.80509606,0.785637751,0.85077199,0.787398943,0.601014717,0.719315292,1.454262169,1.023022075,1.208927527,0.391947003,1.410865277,1.616266406,0.511551846,1.838054018,0.80426124,1.446045319,0.841300721
103,2.773424906,57.91074075,2.396536715,1.317575511,1.013165686,2.081506623,1.167354984,0.348533783,0.74815519,2.243624789,1.591435162,1.581798361,2.121102945,1.262321944,1.356199158,1.320091645,1.398534852,2.15797528,2.118623947,1.000354711,1.96781529,88.01756775,1.591514876,1.338468804,0.774770716,2.026240958,1.466553095,1.544701035,1.307972421,1.342346614,1.655592223,1.322387859,1.486126624,1.801036922,1.090600547,0.913499305,1.015562637,1.01211712,1.2144828,0.314431554
104,3.511267019,24.55075851,1.829417077,1.428861176,1.142569495,1.915461268,0.672135989,0.349671431,1.486673548,1.026893956,0.294485423,1.374806082,1.007467884,1.580606788,1.402392304,0.579139028,3.032341468,1.444765952,2.417433688,1.291605421,2.377865289,12.7119289,-0.136410303,0.389624263,0.547154009,0.4590806,0.256041813,0.34811986,-0.362618972,1.004441733,0.473649808,0.646895658,0.161648676,0.31425892,1.125500805,1.758479598,0.950334494,0.8767236,0.737368769,1.369907911
105,2.69918046,98.97690851,1.506439076,2.267508497,2.020531035,1.137611878,1.456882175,0.728761533,1.547622477,1.732982876,1.43282916,0.907835336,1.325426268,1.252737075,1.132548979,1.672540941,1.257172783,2.12529585,0.388954146,1.175262246,2.991972243,75.89200999,2.026259132,1.685459811,1.355211166,1.259015769,2.489061574,1.567236966,1.741898421,2.135139996,1.502305921,1.165644467,1.874154979,1.989107497,1.173099453,1.017828404,2.157332477,1.263881962,1.564002514,1.31402576
106,3.265962172,71.22533909,1.278115963,0.558811748,1.613081521,1.360166251,1.144511235,1.935319551,1.442074296,1.585668331,1.066083842,1.696173719,0.930685918,1.335082771,0.662357178,0.787651029,1.286241396,1.131149793,0.201786793,0.980005129,3.415458231,-6.601385887,1.370403784,0.91228661,1.547641975,2.203077825,1.98346089,1.606380491,1.563253985,1.646427079,1.439301322,1.89970173,1.696107004,1.24123229,2.039461327,2.164597734,1.447879528,1.97647689,0.654404955,1.674971389
107,2.776586084,80.90171816,1.983465988,1.009288003,0.733317542,0.932294614,1.356365375,0.896881868,0.532518265,1.542575649,0.75622007,1.284124017,1.471965193,1.644518947,0.520806275,0.833530786,1.978932143,1.39388302,2.028222566,1.537008171,2.77478919,91.3732435,1.848902732,2.072777848,0.855923681,1.759440866,1.603214613,1.247790025,0.941020866,2.019485069,0.871243751,1.143466261,1.220931151,1.348213509,0.523288115,1.61739042,2.186275289,1.716223466,1.876136237,1.267779765
108,2.569160641,56.0311533,2.678629347,1.747224959,1.383295091,1.658394506,0.739044432,0.588804988,1.056976184,1.965561347,0.94571382,1.203110773,1.681179098,2.001732962,0.326098501,0.852108508,1.186154431,0.403215548,1.517536549,1.137897742,3.446474102,-52.07893817,1.751803668,1.456276286,1.730208328,1.641918653,1.002439452,1.39159317,1.034323472,0.981964018,1.810745644,0.847977211,1.315936269,1.503153316,1.478058571,1.595265421,0.711314496,2.155467219,1.679576572,1.276396966
109,2.803191588,90.5750449,0.655583259,0.927762652,1.197712624,0.536768196,1.283377828,0.88497598,0.264673749,0.932588564,1.307523291,0.644375466,0.361792928,1.328574156,1.673462771,-0.214646201,0.805820645,1.768662206,0.81698372,1.608255307,3.057009504,40.83872292,1.198419315,1.17431687,1.494913338,2.109447371,1.854438567,2.444969328,1.844388074,1.977435099,2.183335936,1.958536436,2.096325887,1.564063154,2.223524241,1.875397186,1.868260252,1.819677609,2.320742678,2.189666491
110,2.952573131,61.69676473,1.228492573,1.835042801,1.271421657,1.85404138,1.774814928,0.936485263,0.74033347,1.460536995,0.097591589,1.165228686,1.685344157,1.58147059,2.028927155,1.248221837,2.048625802,0.93238548,1.243850468,1.481925302,2.810821227,99.83035324,1.341945222,1.371456146,0.895212081,1.885717235,1.725765568,1.381696715,1.483107097,1.82970475,1.083987952,1.143047151,1.749403506,1.476486861,1.521588098,0.750868568,1.350291823,2.392175908,1.875824784,1.268250603
111,0.410105485,12.84533595,0.685180948,0.590481885,0.608318447,-0.29573304,-0.332696923,-0.45524001,0.562136214,0.834946177,-0.275182642,0.679999437,1.029072575,1.136028632,0.470198768,0.798699365,1.328566374,0.516108719,1.272339276,1.033549568,0.39375746,-25.70125388,0.949357435,0.492328732,0.85758929,0.123565222,0.288959569,-0.557093823,0.641744544,0.853003956,0.336241995,0.29808422,0.014888188,0.893000181,0.451790238,-0.196550759,1.097226,0.813746389,0.847664041,0.775049018
112,1.961874446,92.70097091,1.125127729,0.982357825,0.628979986,1.49288079,1.594457278,0.351439731,0.350254987,1.393460736,0.513141019,0.607050642,1.112105632,0.896835135,0.442634658,-0.299708229,1.528839136,1.40324129,0.414954811,1.524794522,1.717324655,33.44175841,0.066415884,0.602747295,0.588469654,0.523033039,0.808660248,0.492249823,1.025479271,0.652296088,0.398078259,0.405015256,0.221677701,0.173445094,0.221346023,0.182559777,0.630842872,1.088642006,0.323077224,0.359993715
113,1.997844012,68.3645255,1.50403794,1.984730062,1.488700665,1.954265915,1.420132412,1.459558131,1.233885238,1.780206951,0.087337449,1.238720367,1.342066133,1.265176653,0.995793754,1.429652632,1.385883208,1.668154717,1.737632911,1.833394795,2.886215292,33.54101703,0.861081035,1.358237658,1.141966405,1.297559422,1.17017146,1.323992325,0.962502613,1.831978893,0.916747334,0.965679316,1.534553417,1.496035363,1.363209905,1.447284831,1.897221088,2.310899324,1.858269718,1.979425879
114,2.198400447,58.04599519,1.043192595,1.23222621,1.363239324,1.041687965,1.199021535,0.826219676,1.589123729,1.315177289,0.651273634,1.422428121,0.442041502,1.066108089,0.645301489,0.610970882,1.124392579,2.027834517,1.528684616,1.487777755,1.635928551,-13.4224999,1.169599161,0.701208358,0.847791747,1.029631715,1.026544984,0.422534733,0.440886686,1.273216779,1.496513646,1.003294802,0.859472126,1.294195387,1.862526791,1.292340809,1.090163912,1.280842071,1.681065848,0.670230108
115,3.117863119,24.27366362,1.231492779,0.81516309,1.411425154,1.754757989,1.672106173,1.574875025,0.77329284,1.615952187,0.665390822,1.052971975,1.076587546,0.557393382,1.215554914,1.857615899,1.654582262,1.241167414,1.565621678,0.939665618,3.348107076,-6.364090186,2.296986859,1.870933327,1.902950521,2.50128191,1.527162332,2.297660284,2.105996511,2.047743611,2.228557195,1.749218976,1.829566671,1.824876858,1.318305208,1.580192872,1.690394531,2.198335786,2.004960771,1.749307339
116,2.337001568,103.5827398,1.0860764,0.806156234,1.253724604,1.431547673,1.386844053,0.888801808,1.808243766,1.257825774,-0.263577176,0.965153333,0.677280888,0.903937418,0.491470142,1.247608466,2.317284049,2.442065653,0.765635022,1.689994492,3.283211493,59.31423134,1.841095364,2.326501896,1.565284269,2.341732981,2.10250141,1.505372075,1.612777342,2.032523376,2.129272632,1.870440625,1.764407872,1.962233617,0.962124506,1.397499301,1.762504091,1.517824082,2.368586039,1.345444955
117,4.3254625,119.9010593,1.943899823,2.313735983,1.338084622,1.918265868,1.822007061,1.849077694,2.095314711,2.207573933,2.35172422,1.220229509,2.145865686,1.653286879,0.934257513,1.682551427,2.051613517,1.822721287,0.916432161,2.105538566,3.397731812,17.90862536,2.056321892,1.345425211,1.542306736,1.850779467,1.863561902,1.820011153,0.676376078,1.852362396,1.615330096,0.782028557,1.515882015,1.32265508,1.402337959,1.536543784,1.729884474,2.004724187,1.5031603,2.170975458
118,2.060191702,62.42865555,1.880690034,0.980903041,1.67808989,1.424141193,0.787955504,1.192204071,0.507583415,0.825370591,1.054522451,0.734361237,0.543789919,0.723242947,1.233689903,1.406848514,0.905412908,1.82751113,0.327636472,0.774323517,2.735637162,130.6127057,1.380049283,1.201072522,0.784653739,0.696067821,1.359593134,0.345318521,1.624084689,1.401172832,0.590511499,1.128505329,0.983721167,1.155769235,1.458482219,1.573687429,1.932655365,0.931561409,0.757393348,0.86556022
119,2.512994622,66.29938528,0.946769505,0.346852927,1.058947449,1.397265437,1.576611943,1.102855918,1.210278879,1.144422405,0.294420171,0.773101657,0.359631327,0.189798062,0.837541801,1.724523662,1.602058921,0.637726146,1.094484279,0.692596565,2.183117005,55.32786013,0.988740572,1.209159268,1.284286419,1.152654225,1.212851208,0.69211021,1.382755588,1.368875008,0.915443226,1.249825363,0.668392243,0.243991651,1.031118109,0.71957905,1.673557122,0.637718352,0.867133079,0.984048975
120,1.955428344,26.03715348,1.269345584,1.557783626,0.523112275,0.76598492,0.274102965,0.552721766,0.879981277,1.76763703,0.626060943,1.151645693,1.897840844,1.620037739,1.000311792,1.220231852,0.783952284,1.121934298,0.720959186,0.859116339,2.909178056,33.85720154,2.329736134,2.088554615,1.825808212,1.559549047,1.420136655,0.231411516,1.220441485,1.428251573,-0.039949475,1.159822785,1.117627731,0.738178077,0.789715091,0.524983144,1.422769323,1.299060638,1.855259454,1.746509554
121,2.350504952,21.1444924,1.53114605,0.111078314,1.356482863,0.325012441,0.387028166,0.52211014,0.909141727,0.489898927,0.973403041,1.38699994,0.641546945,0.990018284,1.247117409,0.937958837,1.199606305,0.671813633,2.339588688,0.616276041,2.226155453,34.19958452,0.389899198,0.609957034,0.379235248,0.498373855,0.735843609,0.206850659,0.492063098,1.038839912,0.539224071,0.321696687,1.205806062,1.586168311,0.979490294,0.953784594,1.511912671,1.288165543,1.400201004,1.571666522
122,2.826047337,61.69346761,1.945234978,1.207686934,0.330795336,1.313189139,1.133257893,0.764954867,0.862972117,1.637766915,0.275732933,0.735809409,1.164211412,0.548198331,1.65586895,0.982090893,1.579817131,0.853806106,1.056578326,0.544785004,3.029830239,117.3342839,1.834406155,1.438761179,0.617125493,1.531846076,1.015448571,0.988894218,-0.012900398,1.58995638,0.875064755,0.554386732,1.392502875,1.301285305,1.448583552,1.23174726,1.968502117,2.27653074,2.177411801,1.037320884
123,2.518243512,52.24264312,2.159520482,1.688793981,1.410403195,1.920735762,1.588200005,1.170641865,1.164325702,1.423934269,0.6496268,0.626425023,1.518625807,1.437590023,1.668208303,0.95569229,2.084572436,0.794143205,2.102713528,1.767250722,2.478724713,92.54830135,1.311892024,0.75851137,1.240030691,0.944183903,0.410827982,1.530573485,1.137278868,1.000418584,1.445870284,1.039217603,1.229937912,1.379488632,1.018589073,0.922884094,1.173748102,1.758534914,0.79782445,0.895755888
124,1.855459471,23.66730741,1.742705039,0.789280338,0.81995703,1.886677132,1.305809455,0.379033419,0.745900768,1.85613965,0.28663307,1.407317774,1.870744524,1.427639263,1.928360195,0.915443817,0.891674723,0.310600386,1.301222556,0.795355694,4.570287357,62.93470793,2.108648755,2.660768175,2.513011983,2.084007429,2.057920293,2.083372102,1.569112471,1.947778719,2.093420829,1.848209996,2.434949685,2.006129038,1.420391394,2.545882075,1.739675232,1.304385782,1.929944789,1.760949063
125,3.229180374,24.57138567,1.948141122,2.753546061,2.010065179,1.16918067,1.341534884,1.599964442,0.815086217,1.661624304,1.547247304,0.911981142,1.312182405,1.190128797,1.170680859,0.342397937,1.84576115,0.912780279,-0.002109933,0.42519053,4.139670055,7.19710848,1.807593911,1.281282299,1.598286923,1.960332147,1.817118194,2.133248708,1.989613216,2.022030018,1.399532287,1.522528403,1.764895789,1.722869335,1.536296798,1.706630255,1.024538217,0.869967714,2.218934515,1.540251898
126,2.503659464,67.7154437,1.854791404,1.371641156,1.540664825,2.139841664,2.17811741,1.209227008,0.79089927,2.036418174,0.133602301,1.711394118,0.79156688,1.106720649,0.294786909,1.263047466,1.380865758,1.374917666,1.040905805,0.584382771,2.539993149,78.77334079,1.438998559,1.367562461,0.96958039,1.226853831,1.484503874,0.89675804,0.93024383,1.79674725,1.016589418,0.697315795,1.679432321,1.856428725,1.613486775,1.465710478,2.120532635,1.338873675,1.245798505,1.241044823
127,1.791285146,-34.74915845,0.120316411,1.256359526,1.178808117,0.423374532,0.908279523,0.709212171,0.700860997,0.67020876,0.572140526,1.174024165,0.927708425,1.511773411,1.57712438,1.431264535,1.045382904,0.309138684,-0.328345551,0.993556992,2.241939415,13.0214367,0.90179875,1.232698453,0.825437611,0.962301356,0.825963258,0.662979366,0.595109175,0.752849156,0.306484884,0.745184691,1.013086941,1.123987169,1.22836855,0.461354825,1.8459132,1.991832817,2.301767546,1.85319506
128,2.662044608,94.15765466,2.062358866,1.610105156,1.457423451,1.649965322,1.896784359,0.503336907,1.336034646,1.479285445,-0.168040932,1.146536808,2.2839064,1.561308817,1.182356983,0.977951776,1.820556794,1.753429886,1.496676536,2.333418363,3.35146897,83.53759402,2.093099427,1.413968522,1.526648153,1.404636722,1.213409602,0.641942623,1.365350916,1.899328511,0.864514972,1.270360741,1.381777802,1.245752379,1.159882408,0.140724367,1.760289463,1.523604875,0.850831716,1.76223739
129,1.533411656,31.73984927,1.079143217,0.767466116,0.958250243,0.87142573,1.160736953,-0.026155116,-0.448985501,1.584178556,0.489700788,0.916059046,1.153088051,0.313566921,1.501200133,1.577961554,2.349703021,0.792875867,1.147517206,1.144374766,2.414235733,39.61209676,0.788948328,0.700121615,0.870445936,0.705362848,0.928038971,-0.195573402,0.155328368,0.846861356,0.78880254,0.446676637,0.559347788,0.324747331,0.775433768,0.761228251,1.196740811,1.237043243,1.547543604,0.558318608
130,3.321358198,75.08612755,1.687415934,1.519682639,1.561859243,1.989858108,1.329741377,1.13836804,0.819041028,1.191233832,1.834712385,0.378074842,1.531183055,1.407484847,1.850017104,0.741770927,1.87441796,1.393583272,2.384646612,2.390989872,3.729579399,105.4963468,1.554230693,1.274251791,1.269660335,1.155305766,1.363874283,1.304470468,2.026917655,1.358436576,1.68612631,1.066134608,1.062064909,1.730063864,1.408538399,1.342470122,1.437801395,0.984025923,2.038312997,1.72918477
